name, score
Aamer Hameed  (Pakistan),0
Aamer Hanif  (Pakistan),89
Aamer Malik  (Pakistan),556
Aamer Yamin  (Pakistan),95
Aamir Nazir  (Pakistan),13
Aamir Sohail  (Pakistan),4780
Aaqib Javed  (Pakistan),267
Aarif Sheikh  (Nepal),94
Varun Aaron  (India),8
Josephat Ababu  (Kenya),29
Kyle Abbott  (South Africa),76
Sean Abbott  (Australia),3
Abdul Jabbar  (Canada),59
Abdul Qadir  (Pakistan),641
Abdul Razzaq  (Pakistan / ACC Asian XI),5080
Abdul Rehman  (United Arab Emirates),1
Abdul Shakoor  (United Arab Emirates),54
Abdullah Mazari  (Afghanistan),3
Abdur Rauf  (Pakistan),0
Abdur Razzak  (Bangladesh),779
Abdur Rehman  (Pakistan),142
Abid Ali  (Pakistan),117
Syed Abid Ali  (India),93
Shafiek Abrahams  (South Africa),16
Abu Hider  (Bangladesh),1
Abu Jayed  (Bangladesh),0
Abul Hasan  (Bangladesh),11
Mark Adair  (Ireland),93
Andre Adams  (New Zealand),419
Christopher Adams  (England),71
Jimmy Adams  (West Indies),2204
Paul Adams  (South Africa),66
Adeel Raja  (Netherlands),28
Adnan Akmal  (Pakistan),62
Adnan Mufti  (United Arab Emirates),330
Afsar Zazai  (Afghanistan),264
Aftab Ahmed  (Bangladesh),1954
Aftab Alam  (Afghanistan),66
Afzaal Haider  (Hong Kong),22
Rageg Aga  (Kenya),150
Ashton Agar  (Australia),144
Ajit Agarkar  (India),1269
Jonathan Agnew  (England),2
Saliya Ahangama  (Sri Lanka),0
Khaleel Ahmed  (India),9
Ahmed Kamal  (Bangladesh),11
Ahmed Raza  (United Arab Emirates),232
Ahmed Shah  (Afghanistan),2
Ahmed Shehzad  (Pakistan),2605
Ahsan Malik  (Netherlands),14
Aijaz Ali  (United States),5
Dipendra Singh Airee  (Nepal),108
Aizaz Cheema  (Pakistan),26
Aizaz Khan  (Hong Kong),260
Ajmal Shahzad  (England),39
Akhtar Sarfraz  (Pakistan),66
Akram Khan  (Bangladesh),976
Akram Raza  (Pakistan),193
Al Sahariar Rokon  (Bangladesh),374
Alam Talukdar  (Bangladesh),7
Al-Amin Hossain  (Bangladesh),4
Alawi Shukri  (United Arab Emirates),1
Terry Alderman  (Australia),32
Graeme Aldridge  (New Zealand),0
Rohan Alexander  (United States),34
Moeen Ali  (England),1691
Rajab Ali  (Kenya),7
Ali Asad  (United Arab Emirates),21
Ali Khan  (United States),3
Duncan Allan  (Kenya),71
Fabian Allen  (West Indies),32
Mark Alleyne  (England),151
Michael Allingham  (Scotland),11
Geoffrey Allott  (New Zealand),17
Paul Allott  (England),15
Alok Kapali  (Bangladesh),1235
Kaushik Amalean  (Sri Lanka),15
Aman Ali  (United Arab Emirates),0
Mohinder Amarnath  (India),1924
Surinder Amarnath  (India),100
Sunil Ambris  (West Indies),316
Curtly Ambrose  (West Indies),639
Timothy Ambrose  (England),10
Ishara Amerasinghe  (Sri Lanka),6
Charles Amini  (Papua New Guinea),126
Christopher Amini  (Papua New Guinea),3
Aminul Islam  (Bangladesh),794
Aminul Islam Jnr  (Bangladesh),1
Amir Hamza  (Afghanistan),23
Amir Hayat  (United Arab Emirates),31
Dennis Amiss  (England),859
Amjad Ali  (United Arab Emirates),520
Amjad Javed  (United Arab Emirates),239
Hashim Amla  (South Africa),7910
Praveen Amre  (India),513
Anamul Haque  (Bangladesh),1038
Corey Anderson  (New Zealand),1109
John Anderson  (Ireland),151
James Anderson  (England),273
Robert Anderson  (New Zealand),16
Joseph Angara  (Kenya),23
Jo Angel  (Australia),0
Anisur Rehman  (Bangladesh),2
Salil Ankola  (India),34
Ankur Sharma  (Hong Kong),36
Zafar Ansari  (England),0
Anshuman Rath  (Hong Kong),828
Hamish Anthony  (West Indies),23
Sangarange Anurasiri  (Sri Lanka),62
Anwar Ali  (Pakistan),321
Anwar Hossain  (Bangladesh),42
Anwar Hossain Monir  (Bangladesh),0
Flavian Aponso  (Netherlands),120
M Amila Aponso  (Sri Lanka),10
Aqib Ilyas  (Oman),11
Arafat Sunny  (Bangladesh),48
Jofra Archer  (England),0
Ariful Haque  (Bangladesh),0
Geoffrey Arnold  (England),48
Russel Arnold  (Sri Lanka),3950
Kevin Arnott  (Zimbabwe),238
Arshad Ali  (United Arab Emirates),54
Arshad Ayub  (India),116
Arshad Khan  (Pakistan),133
Arshad Laeeq  (United Arab Emirates),101
Arshad Pervez  (Pakistan),11
Keith Arthurton  (West Indies),1904
Bharathi Arun  (India),21
Arun Lal  (India),122
Asad Ali  (Pakistan),13
Asad Shafiq  (Pakistan),1336
Asghar Afghan  (Afghanistan),2078
Asghar Ali  (United Arab Emirates),14
Ashfaq Ahmed  (Pakistan),0
Ashfaq Ahmed  (United Arab Emirates),344
Ashraf Ali  (Pakistan),69
Ravichandran Ashwin  (India),675
Asif Ali  (Pakistan),342
Asif Iqbal  (Pakistan),330
Asif Iqbal  (United Arab Emirates),8
Asif Mahmood  (Pakistan),14
Asif Masood  (Pakistan),10
Asif Mujtaba  (Pakistan),1068
Asim Butt  (Scotland),23
Asim Saeed  (United Arab Emirates),12
Nathan Astle  (New Zealand),7090
Todd Astle  (New Zealand),79
Simon Atai  (Papua New Guinea),0
Marvan Atapattu  (Sri Lanka),8529
Ata-Ur-Rehman  (Pakistan),34
Athar Ali Khan  (Bangladesh),532
Michael Atherton  (England),1791
Charles Athey  (England),848
Atiq-Uz-Zaman  (Pakistan),34
James Atkinson  (Hong Kong),250
Ian Austin  (England),34
Richard Austin  (West Indies),8
Kirtivardhan Azad  (India),269
Azam Khan  (Pakistan),116
Azeem Hafeez  (Pakistan),45
Azhar Ali  (Pakistan),1845
Azhar Hossain  (Bangladesh),96
Azhar Mahmood  (Pakistan),1521
Azhar Saeed  (United Arab Emirates),61
Mohammad Azharuddin  (India),9378
Azmat Rana  (Pakistan),42
Stephan Baard  (Namibia),13
Babar Azam  (Pakistan),2739
Babar Hayat  (Hong Kong),784
Sheik Bacchus  (West Indies),612
Adam Bacher  (South Africa),270
Hemang Badani  (India),867
Subramaniam Badrinath  (India),79
Ashish Bagai  (Canada),1964
Sairaj Bahutule  (India),23
Harvir Baidwan  (Canada),220
George Bailey  (Australia),3044
Mark Bailey  (New Zealand),0
Robert Bailey  (England),137
David Bairstow  (England),206
Jonny Bairstow  (England),2329
Lionel Baker  (West Indies),13
Paul-Jan Bakker  (Netherlands),1
Showkat Baksh  (Canada),0
Lakshmipathy Balaji  (India),120
Dorakanti Balaji Rao  (Canada),59
Andy Balbirnie  (Ireland),1698
Jacob Ball  (England),38
Gary Ballance  (England),297
C Bandara  (Sri Lanka),160
Chaminda Bandara  (Sri Lanka),1
M Bandarathilake  (Sri Lanka),0
Subroto Banerjee  (India),49
Sanjay Bangar  (India),180
Omari Banks  (West Indies),83
Eldine Baptiste  (West Indies),184
Adrian Barath  (West Indies),394
Graham Barlow  (England),149
Geoffrey Barnett  (Canada),455
Kim Barnett  (England),84
Wesley Barresi  (Netherlands),866
Oronde Bascombe  (Bermuda),65
Dwight Basden  (Bermuda),12
Basit Ali  (Pakistan),1265
Trevin Bastiampillai  (Canada),184
Michael Bates  (New Zealand),13
Gareth Batty  (England),30
Indika Batuwitarachchi  (United Arab Emirates),14
Dogodo Bau  (Papua New Guinea),170
Sese Bau  (Papua New Guinea),342
Carlton Baugh  (West Indies),482
Temba Bavuma  (South Africa),161
Bazid Khan  (Pakistan),131
Graeme Beard  (Australia),0
Ronsford Beaton  (West Indies),15
Atul Bedade  (India),158
Bishen Bedi  (India),31
Farhaan Behardien  (South Africa),1074
Jason Behrendorff  (Australia),7
Ian Bell  (England),5416
Matthew Bell  (New Zealand),133
Joseph Benjamin  (England),0
Kenneth Benjamin  (West Indies),65
Winston Benjamin  (West Indies),298
Dale Benkenstein  (South Africa),305
Sulieman Benn  (West Indies),182
Hamish Bennett  (New Zealand),10
Murray Bennett  (Australia),9
Mark Benson  (England),24
Andri Berenger  (United Arab Emirates),205
David Bernard  (West Indies),141
Richard Berrington  (Scotland),1630
Carlisle Best  (West Indies),473
Tino Best  (West Indies),76
Michael Bevan  (Australia),6912
Amit Bhandari  (India),0
Binod Bhandari  (Nepal),35
Lalit Bhandari  (Nepal),4
Vijay Bhardwaj  (India),136
Rustam Bhatti  (Canada),3
Umar Bhatti  (Canada),378
Rajesh Bhudia  (Kenya),122
Bhupinder Singh  (India),6
Andy Bichel  (Australia),471
Martin Bicknell  (England),96
Bilal Asif  (Pakistan),40
Bilal Khan  (Oman),0
Bilawal Bhatti  (Pakistan),89
Ian Billcliff  (Canada),532
Sam Billings  (England),271
Roger Binny  (India),629
Stuart Binny  (India),230
Karl Birkenstock  (Namibia),61
Devendra Bishoo  (West Indies),164
Glenn Bishop  (Australia),13
Ian Bishop  (West Indies),405
Marlon Black  (West Indies),4
Ian Blackwell  (England),403
Jermaine Blackwood  (West Indies),11
John Blain  (Scotland),284
Tony Blain  (New Zealand),442
Bruce Blair  (New Zealand),174
Donovan Blake  (United States),0
Glenn Blakeney  (Bermuda),72
Richard Blakey  (England),25
Greg Blewett  (Australia),551
Andy Blignaut  (Zimbabwe),626
Gulam Bodi  (South Africa),83
Nico Boje  (South Africa / ACA Africa XI),1414
Scott Boland  (Australia),9
Doug Bollinger  (Australia),50
Shane Bond  (New Zealand),292
Stephen Boock  (New Zealand),30
David Boon  (Australia),5964
Ravinda Bopara  (England),2695
Delyone Borden  (Bermuda),98
Allan Border  (Australia),6524
Peter Borren  (Netherlands),1004
Scott Borthwick  (England),18
Tertius Bosch  (South Africa),0
Gopal Bose  (India),13
Loots Bosman  (South Africa / ACA Africa XI),301
Hemantha Boteju  (Sri Lanka),3
Andre Botha  (Ireland),666
Johan Botha  (South Africa / ACA Africa XI),609
Sir Ian Botham  (England),2113
Mark Boucher  (South Africa / ACA Africa XI),4686
Trent Boult  (New Zealand),144
Keith Boyce  (West Indies),57
Geoff Boycott  (England),1082
Brendon Bracewell  (New Zealand),0
Douglas Bracewell  (New Zealand),158
John Bracewell  (New Zealand),512
Nathan Bracken  (Australia),198
Grant Bradburn  (New Zealand),60
Ian Bradshaw  (West Indies),287
David Brain  (Zimbabwe),117
Eddo Brandes  (Zimbabwe),404
Carlos Brathwaite  (West Indies),389
Kraigg Brathwaite  (West Indies),278
Dwayne Bravo  (West Indies),2968
Darren Bravo  (West Indies),2820
Jeremy Bray  (Ireland),401
Mike Brearley  (England),510
Gary Brent  (Zimbabwe),408
Timothy Bresnan  (England),871
Gavin Briant  (Zimbabwe),39
Danny Briggs  (England),0
Raymond Bright  (Australia),66
James Brinkley  (Scotland),52
Andrew Britton  (Ireland),0
Chris Broad  (England),1361
Stuart Broad  (England),529
Neil Broom  (New Zealand),943
Alistair Brown  (England),354
Darryl Brown  (West Indies),10
Douglas Brown  (Scotland / England),319
Robin Brown  (Zimbabwe),110
Vaughan Brown  (New Zealand),44
Barrington Browne  (West Indies),8
Courtney Browne  (West Indies),415
Patrick Browne  (West Indies),134
Dean Brownlie  (New Zealand),361
Glen Bruk-Jackson  (Zimbabwe),12
Henderson Bryan  (West Indies),43
Rudi Bryson  (South Africa),32
Dylan Budge  (Scotland),11
Carl Bulfin  (New Zealand),9
Jasprit Bumrah  (India),18
Andries Burger  (Namibia),199
Louis Burger  (Namibia),11
Sarel Burger  (Namibia),11
Mark Burgess  (New Zealand),336
Ryan Burl  (Zimbabwe),140
Mark Burmester  (Zimbabwe),109
Joseph Burns  (Australia),146
Iain Butchart  (Zimbabwe),252
Alan Butcher  (England),14
Roland Butcher  (England),58
Deighton Butler  (West Indies),25
Ian Butler  (New Zealand),84
Husain Butt  (Hong Kong),8
Jos Butler  (England),3531
Atse Buurman  (Netherlands),140
Andy Caddick  (England),249
Lance Cairns  (New Zealand),987
Chris Cairns  (New Zealand / ICC World XI),4950
David Callaghan  (South Africa),493
Ian Callen  (Australia),6
Robert Callender  (Canada),0
Scott Cameron  (Scotland),9
James Cameron-Dow  (Ireland),7
Alistair Campbell  (Zimbabwe),5185
Gegory Campbell  (Australia),6
John Campbell  (West Indies),248
Ryan Campbell  (Australia),54
Sherwin Campbell  (West Indies),2283
Lionel Cann  (Bermuda),590
Tama Canning  (New Zealand),52
Peter Cantrell  (Netherlands),160
David Capel  (England),327
Michael Carberry  (England),114
Alex Carey  (Australia),429
Stuart Carlisle  (Zimbabwe),2740
Philip Carlson  (Australia),11
Kenneth Carroll  (Ireland),70
Christopher Carter  (Hong Kong),114
Jonathan Carter  (West Indies),581
Neil Carter  (Scotland),0
Hilton Cartwright  (Australia),2
James Celestine  (Bermuda),60
Yuzvendra Chahal  (India),34
Deepak Chahar  (India),12
Regis Chakabva  (Zimbabwe),599
Stuart Chalmers  (Scotland),9
Dushmantha Chameera  (Sri Lanka),93
Upul Chandana  (Sri Lanka),1627
Shivnarine Chanderpaul  (West Indies),8778
Dinesh Chandimal  (Sri Lanka),3599
Bhagwat Chandrasekhar  (India),11
Vakkadai Chandrasekhar  (India),88
Mark Chapman  (New Zealand / Hong Kong),160
Christopher Chappell  (Canada),38
Greg Chappell  (Australia),2331
Ian Chappell  (Australia),673
Trevor Chappell  (Australia),229
Glen Chapple  (England),14
Brian Chari  (Zimbabwe),150
Johnson Charles  (West Indies),1283
Peter Chase  (Ireland),35
Roston Chase  (West Indies),233
Tendai Chatara  (Zimbabwe),159
Ewen Chatfield  (New Zealand),118
Sewnarine Chattergoon  (West Indies),370
Utpal Chatterjee  (India),6
Chetandra Chauhan  (India),153
Rajesh Chauhan  (India),132
Piyush Chawla  (India),38
Manoj Cheruparambil  (Hong Kong),30
Justice Chibhabha  (Zimbabwe),2389
Elton Chigumbura  (Zimbabwe / ACA Africa XI),4340
Michael Chinouya  (Zimbabwe),6
Chirag Suri  (United Arab Emirates),196
Tendai Chisoro  (Zimbabwe),134
Nikhil Chopra  (India),310
Daniel Christian  (Australia),273
Kyle Christie  (Hong Kong),0
Dipak Chudasama  (Kenya),434
Desmond Chumney  (Canada),397
Stuart Clark  (Australia),69
Wayne Clark  (Australia),0
Michael Clarke  (Australia),7981
Nolan Clarke  (Netherlands),50
Rikki Clarke  (England),144
Sylvester Clarke  (West Indies),60
Brian Close  (England),49
Austin Codrington  (Canada),47
George Codrington  (Canada),236
Kyle Coetzer  (Scotland),2082
Freddie Coleman  (Scotland),211
David Colley  (Australia),0
Richard Collinge  (New Zealand),34
Paul Collingwood  (England),5092
Pedro Collins  (West Indies),30
Corey Collymore  (West Indies),104
Peter Coman  (New Zealand),62
Jeremy Coney  (New Zealand),1874
Bevan Congdon  (New Zealand),338
Peter Connell  (Ireland),40
Alan Connolly  (Australia),0
Alastair Cook  (England),3204
Geoffrey Cook  (England),106
Nicholas Cook  (England),0
Stephen Cook  (South Africa),67
Benjamin Cooper  (Netherlands),116
Tom Cooper  (Netherlands),976
Geoffrey Cope  (England),1
Dominic Cork  (England),180
Mark Cosgrove  (Australia),112
Garry Cosier  (Australia),154
Sheldon Cottrell  (West Indies),26
Nathan Coulter-Nile  (Australia),154
Charles Coventry  (Zimbabwe),829
Norman Cowans  (England),13
Christopher Cowdrey  (England),51
Sir Colin Cowdrey  (England),1
Royston Crandon  (West Indies),5
John Crawley  (England),235
Graeme Cremer  (Zimbabwe),744
Gary Crocker  (Zimbabwe),98
Fiqre Crockwell  (Bermuda),68
Colin Croft  (West Indies),18
Robert Croft  (England),345
Hansie Cronje  (South Africa),5565
Derek Crookes  (South Africa),296
Matthew Cross  (Scotland),952
Jeffrey Crowe  (New Zealand),1518
Martin Crowe  (New Zealand),4704
Cameron Cuffy  (West Indies),62
Daniel Cullen  (Australia),2
Daryll Cullinan  (South Africa),3860
Craig Cumming  (New Zealand),161
Anderson Cummins  (West Indies / West Indies),486
Miguel Cummins  (West Indies),10
Patrick Cummins  (Australia),183
Kevin Curran  (Zimbabwe),287
Sam Curran  (England),17
Tom Curran  (England),178
Alex Cusack  (Ireland),745
Ben Cutting  (Australia),53
Keith Dabengwa  (Zimbabwe),514
Damodar Daesrath  (Canada),95
Vijay Dahiya  (India),216
Mahuru Dai  (Papua New Guinea),454
Junior Dala  (South Africa),8
Adam Dale  (Australia),78
Anil Dalpat  (Pakistan),87
James Dalrymple  (England),487
Akila Dananjaya  (Sri Lanka),283
Wayne Daniel  (West Indies),49
Rick Darling  (Australia),363
Shiv Das  (India),39
Deep Dasgupta  (India),51
Pubudu Dassanayake  (Sri Lanka),85
Joshua Davey  (Scotland),471
Noel David  (India),9
Manoj David  (Canada),82
Henry Davids  (South Africa),8
Alec Davies  (Scotland),83
Sean Davies  (Zimbabwe),67
Steven Davies  (England),244
Heath Davis  (New Zealand),13
Ian Davis  (Australia),12
Simon Davis  (Australia),20
Winston Davis  (West Indies),28
John Davison  (Canada),799
Dawlat Ahmadzai  (Afghanistan),0
Dawlat Zadran  (Afghanistan),502
Jawad Dawood  (Canada),25
Alan Dawson  (South Africa),69
Liam Dawson  (England),14
Guy De Alwis  (Sri Lanka),401
Phillip De Freitas  (England),690
Colin de Grandhomme  (New Zealand),443
Richard De Groen  (New Zealand),12
Nicholas De Groot  (Canada),44
Tom de Grooth  (Netherlands),480
Quinton de Kock  (South Africa),4602
Con de Lange  (Scotland),123
Marchant de Lange  (South Africa),0
Bas de Leede  (Netherlands),30
Timotheus de Leede  (Netherlands),400
Ashantha De Mel  (Sri Lanka),466
Indika De Saram  (Sri Lanka),183
Ashley de Silva  (Sri Lanka),12
Stanley de Silva  (Sri Lanka),10
Dhananjaya de Silva  (Sri Lanka),688
Somachandra De Silva  (Sri Lanka),371
Asoka De Silva  (Sri Lanka),138
Granville De Silva  (Sri Lanka),9
Ajit de Silva  (Sri Lanka),9
Sajeewa de Silva  (Sri Lanka),39
Aravinda de Silva  (Sri Lanka),9284
Chaturanga de Silva  (Sri Lanka),94
Wanidu Hasaranga  (Sri Lanka),63
Lanka de Silva  (Sri Lanka),161
A B de Villiers  (South Africa / ACA Africa XI),9577
Fanie De Villiers  (South Africa),170
Mark Dekker  (Zimbabwe),379
Joe Denly  (England),293
Michael Denness  (England),264
Franklym Dennis  (Canada),47
Narsingh Deonarine  (West Indies),682
Jade Dernbach  (England),19
Jignesh Desai  (United States),16
Parth Desai  (Canada),8
Anton Devcich  (New Zealand),195
Sunil Dhaniram  (Canada),906
Rajindra Dhanraj  (West Indies),8
Pankaj Dharmani  (India),8
Kumar Dharmasena  (Sri Lanka),1222
Rishi Dhawan  (India),12
Shikhar Dhawan  (India),5355
Haninder Dhillon  (Canada),14
Dhiman Ghosh  (Bangladesh),126
M S Dhoni  (India / ACC Asian XI),10500
Michael Di Venuto  (Australia),241
Brendon Diamanti  (New Zealand),26
Roy Dias  (Sri Lanka),1573
Niroshan Dickwella  (Sri Lanka),1571
Wilfred Diepeveen  (Netherlands),6
Sameer Dighe  (India),256
Loku Dilhara  (Sri Lanka),83
Graham Dilley  (England),114
Merwyn Dillon  (West Indies),227
Tillakaratne Dilshan  (Sri Lanka),10290
Ashok Dinda  (India),21
Boeta Dippenaar  (South Africa / ACA Africa XI),3421
George Dockrell  (Ireland),579
Anthony Dodemaide  (Australia),124
Xavier Doherty  (Australia),101
Dolar Mahmud  (Bangladesh),61
Basil D'Oliveira  (England),30
Allan Donald  (South Africa),95
Brett Dorey  (Australia),2
Kiplin Doriga  (Papua New Guinea),139
Dilip Doshi  (India),9
Chris Douglas  (Bermuda),122
Mark Douglas  (New Zealand),55
Simon Doull  (New Zealand),172
Travis Dowlin  (West Indies),228
Paul Downton  (England),242
Shane Dowrich  (West Indies),6
Vasbert Drakes  (West Indies),94
Rahul Dravid  (India / ACC Asian XI / ICC World XI),10889
Christopher Drum  (New Zealand),9
Gordon Drummond  (Scotland),240
Faf du Plessis  (South Africa),5120
Ben Duckett  (England),123
Kevin Duers  (Zimbabwe),7
Terry Duffin  (Zimbabwe),546
Jeff Dujon  (West Indies),1945
Shaukat Dukanwala  (United Arab Emirates),84
Jean-Paul Duminy  (South Africa),5047
Chamara Dunusinghe  (Sri Lanka),1
Hasan Durham  (Bermuda),35
Nikhil Dutta  (Canada),0
Gregory Dyer  (Australia),174
Nicholas Dyer  (Scotland),3
Geoffrey Dymock  (Australia),35
John Dyson  (Australia),755
Philip Eaglestone  (Ireland),4
Mark Ealham  (England),716
Dion Ebrahim  (Zimbabwe),1443
Bruce Edgar  (New Zealand),1814
Phillippe Edmonds  (England),116
Jekon Edness  (Bermuda),252
John Edrich  (England),223
Fidel Edwards  (West Indies),73
Graham Edwards  (New Zealand),138
Kirk Edwards  (West Indies),331
Ross Edwards  (Australia),255
Scott Edwards  (Netherlands),27
Walter Edwards  (Australia),2
Ehsan Adil  (Pakistan),27
Ehsan Khan  (Hong Kong),102
Ehsan Nawaz  (Hong Kong),30
Ehsanul Haque  (Bangladesh),57
Clive Eksteen  (South Africa),6
Dean Elgar  (South Africa),104
Elias Sunny  (Bangladesh),2
Grant Elliott  (New Zealand),1976
Matthew Elliott  (Australia),1
Andrew Ellis  (New Zealand),154
Richard Ellison  (England),86
Steven Elworthy  (South Africa),100
John Emburey  (England),501
Philip Emery  (Australia),11
Rayad Emrit  (West Indies),13
Enamul Haque  (Bangladesh),12
Enamul Haque  (Bangladesh),236
Farokh Engineer  (India),114
Shaminda Eranga  (Sri Lanka),34
Gerhard Erasmus  (Namibia),16
Craig Ervine  (Zimbabwe),2315
Sean Ervine  (Zimbabwe),698
Jacob-Jan Esmeijer  (Netherlands),10
Ebrahim Essop-Adam  (Zimbabwe),14
Alasdair Evans  (Scotland),95
Craig Evans  (Zimbabwe),764
Gavin Ewing  (Zimbabwe),97
Fahad Alhashmi  (United Arab Emirates),0
Fahad Nawaz  (United Arab Emirates),2
Fahad Usman  (United Arab Emirates),9
Faheem Ashraf  (Pakistan),162
Fahim Muntasir  (Bangladesh),6
Neil Fairbrother  (England),2092
Faisal Athar  (Pakistan),9
Faisal Hossain  (Bangladesh),43
Faisal Iqbal  (Pakistan),314
Fakhar Zaman  (Pakistan),1642
Fareed Ahmad  (Afghanistan),1
Farhad Reza  (Bangladesh),412
Sami Faridi  (Canada),19
Faruk Ahmed  (Bangladesh),105
James Faulkner  (Australia),1032
Fawad Ahmed  (Australia),4
Fawad Alam  (Pakistan),966
Fayyaz Ahmed  (United Arab Emirates),47
Fayyaz Butt  (Oman),1
Faiz Fazal  (India),55
Fazle Mahmud  (Bangladesh),0
Fazl-E-Akbar  (Pakistan),7
Callum Ferguson  (Australia),663
Lockie Ferguson  (New Zealand),58
Nizel Fernandes  (United Arab Emirates),5
Asitha Fernando  (Sri Lanka),0
Oshada Fernando  (Sri Lanka),127
Dilhara Fernando  (Sri Lanka / ACC Asian XI),239
Ranjit Fernando  (Sri Lanka),47
Ellukutige Fernando  (Sri Lanka),101
Hasantha Fernando  (Sri Lanka),43
Dinusha  (Sri Lanka),0
Vishwa Fernando  (Sri Lanka),30
Charitha Fernando  (Sri Lanka),29
Thewarathantrige Fernando  (Sri Lanka),8
Nisal Fernando  (Sri Lanka),22
Avishka Fernando  (Sri Lanka),145
Aaron Finch  (Australia),4052
Shawn Findlay  (West Indies),146
Steven Finn  (England),136
Ryan Flannigan  (Scotland),0
Damien Fleming  (Australia),152
Matthew Fleming  (England),139
Stephen Fleming  (New Zealand / ICC World XI),8037
Andre Fletcher  (West Indies),354
Duncan Fletcher  (Zimbabwe),191
Keith Fletcher  (England),757
Andrew Flintoff  (England / ICC World XI),3394
Andrew Flower  (Zimbabwe),6786
Grant Flower  (Zimbabwe),6571
Daniel Flynn  (New Zealand),228
Ben Foakes  (England),61
Christopher Foggo  (Bermuda),106
Peter Forrest  (Australia),368
James Foster  (England),41
Maurice Foster  (West Indies),25
Neil Foster  (England),150
Marthinus Fourie  (Ireland),42
Graeme Fowler  (England),744
Pikky Ya France  (Namibia),0
James Franklin  (New Zealand),1270
Trevor Franklin  (New Zealand),27
Paul Franks  (England),4
Frasat Ali  (East Africa),57
Angus Fraser  (England),141
Roy Fredericks  (West Indies),311
Alexander French  (Hong Kong),24
Bruce French  (England),34
Travis Friend  (Zimbabwe),548
Jan Frylinck  (Namibia),16
Peter Fulton  (New Zealand),1334
Richard Gabriel  (West Indies),167
Shannon Gabriel  (West Indies),21
Anshuman Gaekwad  (India),269
Indika Gallage  (Sri Lanka),17
Janak Gamage  (Sri Lanka),8
Lahiru Gamage  (Sri Lanka),4
Gautam Gambhir  (India),5238
Devang Gandhi  (India),49
Akalanka Ganegarma  (Sri Lanka),7
Doddanarasiah Ganesh  (India),4
Darren Ganga  (West Indies),843
Sourav Ganguly  (India / ACC Asian XI),11363
Hamish Gardiner  (Scotland),262
Joel Garner  (West Indies),238
Leon Garrick  (West Indies),99
Trevor Garwe  (Zimbabwe),0
Mike Gatting  (England),2095
Shakti Gauchan  (Nepal),9
Rohan Gavaskar  (India),151
Sunil Gavaskar  (India),3092
Willie Gavera  (Papua New Guinea),4
Chris Gayle  (West Indies / ICC World XI),10151
Gazi Ashraf  (Bangladesh),59
Brett Geeves  (Australia),10
Lee Germon  (New Zealand),519
Rajinder Ghai  (India),1
Karsan Ghavri  (India),114
Gholam Nousher  (Bangladesh),8
Ghulam Ali  (Pakistan),53
Ghulam Shabber  (United Arab Emirates),500
Treadwell Gibbons  (Bermuda),33
Herschelle Gibbs  (South Africa),8094
Lance Gibbs  (West Indies),0
Ottis Gibson  (West Indies),141
Norman Gifford  (England),0
David Gilbert  (Australia),39
Adam Gilchrist  (Australia / ICC World XI),9619
Ashley Giles  (England),385
Jason Gillespie  (Australia),289
Mark Gillespie  (New Zealand),93
Peter Gillespie  (Ireland),2
Stuart Gillespie  (New Zealand),70
Gary Gilmour  (Australia),42
Golam Faruq  (Bangladesh),44
Larry Gomes  (West Indies),1415
Dhiren Gondaria  (Kenya),7
Manpreet Gony  (India),0
Graham Gooch  (England),4290
Murray Goodwin  (Zimbabwe),1818
Yohan Goonasekera  (Sri Lanka),69
Ranjan Goonatillake  (Sri Lanka),0
Hettiarachige Goonatillake  (Sri Lanka),31
Jeremy Gordon  (Canada),7
Tyson Gordon  (Canada),27
Karima Gore  (United States),6
Gordon Goudie  (Scotland),80
Darren Gough  (England / ICC World XI),609
Eric Gouka  (Netherlands),19
Ian Gould  (England),155
David Gower  (England),3170
Shaun Graf  (Australia),24
Victor Grandia  (Netherlands),0
Anthony Gray  (West Indies),51
Evan Gray  (New Zealand),98
Paul Grayson  (England),6
Mark Greatbatch  (New Zealand),2206
Zane Green  (Namibia),38
Alvin Greenidge  (West Indies),23
Gordon Greenidge  (West Indies),5134
Tony Greig  (England),269
Adrian Griffith  (West Indies),99
Trevor Gripper  (Zimbabwe),80
Timothy Gruitjers  (Netherlands),68
Runish Gudhka  (Kenya),17
Gulbadin Naib  (Afghanistan),830
Asela Gunaratne  (Sri Lanka),575
Pulasthi Gunaratne  (Sri Lanka),36
Ruvindu Gunasekera  (Canada),455
Danushka Gunathilaka  (Sri Lanka),1102
Aruna Gunawardene  (Sri Lanka),2
Avishka Gunawardene  (Sri Lanka),1708
Sandeep Gupta  (Kenya),121
Martin Guptill  (New Zealand),6440
Gurdeep Singh  (Kenya),1
Gurkeerat Singh Mann  (India),13
Harry Gurney  (England),15
Gursharan Singh  (India),4
Manjula Guruge  (United Arab Emirates),16
Asanka Gurusinha  (Sri Lanka),3902
Haafiz Shahid  (Pakistan),11
Habibul Bashar  (Bangladesh),2168
Brad Haddin  (Australia),3122
Barry Hadlee  (New Zealand),26
Dayle Hadlee  (New Zealand),40
Sir Richard Hadlee  (New Zealand),1751
Hafizur Rahman  (Bangladesh),8
Ryan Haire  (Ireland),56
Oli Hairs  (Scotland),68
Alexander Hales  (England),2419
Andrew Hall  (South Africa),905
James Hall  (Ireland),28
Hamid Hassan  (Afghanistan),92
Gavin Hamilton  (Scotland),1231
Lance Hamilton  (New Zealand),3
Hammad Azam  (Pakistan),80
Jeffrey Hammond  (Australia),15
John Hampshire  (England),48
Hamza Tariq  (Canada),116
Peter Handscomb  (Australia),628
Hannan Sarkar  (Bangladesh),383
Jimmy Hansra  (Canada),421
Rana Haq  (Scotland),566
Harbhajan Singh  (India / ACC Asian XI),1237
Harilal Shah  (East Africa),6
Haris Sohail  (Pakistan),1320
Stephen Harmison  (England),91
Haroon Rashid  (Pakistan),166
Roger Harper  (West Indies),855
Chris Harris  (New Zealand),4379
Joseph Harris  (Canada),91
Paul Harris  (South Africa),0
Ryan Harris  (Australia),48
Matthew Hart  (New Zealand),61
Robert Hart  (New Zealand),0
Ronald Hart  (New Zealand),3
Blair Hartland  (New Zealand),311
Harun-Ur-Rashid  (Bangladesh),0
Ian Harvey  (Australia),715
Harvinder Singh  (India),6
Shane Harwood  (Australia),0
Hasan Ali  (Pakistan),237
Hasan Jamil  (Pakistan),111
Hasan Raza  (Pakistan),242
Haseeb Amjad  (Hong Kong),112
Hashmatullah Shahidi  (Afghanistan),865
Hasibul Hussain  (Bangladesh),172
Mark Haslam  (New Zealand),9
Hasti Gul  (Afghanistan),23
Brian Hastings  (New Zealand),151
John Hastings  (Australia),271
Chandika Hathurusingha  (Sri Lanka),669
Nathan Hauritz  (Australia),336
Matthew Hayden  (Australia / ICC World XI),6133
Frank Hayes  (England),128
Roydon Hayes  (New Zealand),13
Desmond Haynes  (West Indies),8648
Robert Haynes  (West Indies),26
Nantie Hayward  (South Africa),12
Josh Hazlewood  (Australia),37
Hazratullah Zazai  (Afghanistan),183
Travis Head  (Australia),1273
Dean Headley  (England),22
Ronald Headley  (West Indies),19
Ian Healy  (Australia),1764
Stewart Heaney  (Canada),41
Sam Heazlett  (Australia),4
Thomas Heggelman  (Netherlands),27
Edward Hemmings  (England),30
David Hemp  (Bermuda),641
Chandrapaul Hemraj  (West Indies),82
Claude Henderson  (South Africa),0
Michael Hendrick  (England),6
Beuran Hendricks  (South Africa),2
Reeza Hendricks  (South Africa),455
Moises Henriques  (Australia),81
Cornelius Henry  (Canada),6
Matthew Henry  (New Zealand),193
Omar Henry  (South Africa),20
Rangana Herath  (Sri Lanka),140
Jack Heron  (Zimbabwe),50
Shimron Hetmeyer  (West Indies),899
Peter Heyn  (Sri Lanka),3
Graeme Hick  (England),3846
Ryan Higgins  (Zimbabwe),15
Andrew Hilditch  (Australia),226
Ben Hilfenhaus  (Australia),29
Ryan Hinds  (West Indies),101
Wavell Hinds  (West Indies),2880
Hiri Hiri  (Papua New Guinea),26
Narendra Hirwani  (India),8
Paul Hitchcock  (New Zealand),41
Bradley Hodge  (Australia),575
Kyle Hodsoll  (Bermuda),2
Paul Hoffmann  (Scotland),85
Thomas Hogan  (Australia),72
Brad Hogg  (Australia),790
Rodney Hogg  (Australia),137
Vincent Hogg  (Zimbabwe),7
Matthew Hoggard  (England),17
Jason Holder  (West Indies),1574
Roland Holder  (West Indies),599
Vanburn Holder  (West Indies),64
Michael Holding  (West Indies),282
Robert Holland  (Australia),0
Adam Hollioake  (England),606
Ben Hollioake  (England),309
Delano Hollis  (Bermuda),15
Douglas Hondo  (Zimbabwe),127
David Hookes  (Australia),826
Calvert Hooper  (Canada),49
Carl Hooper  (West Indies),5761
Kyle Hope  (West Indies),138
Shai Hope  (West Indies),2247
James Hopes  (Australia),1326
Gareth Hopkins  (New Zealand),236
Matthew Horne  (New Zealand),980
Philip Horne  (New Zealand),50
David Houghton  (Zimbabwe),1530
Jamie How  (New Zealand),1046
Geoff Howarth  (New Zealand),1384
Hedley Howarth  (New Zealand),18
Llorne Howell  (New Zealand),287
Adam Huckle  (Zimbabwe),9
Andrew Hudson  (South Africa),2559
Kim Hughes  (Australia),1968
Merv Hughes  (Australia),100
Phillip Hughes  (Australia),826
Humayun Farhat  (Pakistan),60
Geoffrey Humpage  (England),11
Kevin Hurdle  (Bermuda),85
Ryan Hurley  (West Indies),13
Alan Hurst  (Australia),7
Nasser Hussain  (England),2332
Omer Hussain  (Scotland),63
Hussain Talat  (Pakistan),2
David Hussey  (Australia),1796
Michael Hussey  (Australia),5442
Danza Hyatt  (West Indies),112
Nicholas Ifill  (Canada),16
Iftikhar Ahmed  (Pakistan),8
Iftikhar Anjum  (Pakistan),234
Alan Igglesden  (England),20
Ihsanullah  (Afghanistan),307
Ijaz Ahmed  (Pakistan),6564
Ijaz Ahmed  (Pakistan),3
Ijaz Faqih  (Pakistan),197
Ikram Ali Khil  (Afghanistan),6
Ray Illingworth  (England),5
Richard Illingworth  (England),68
Ilyas Gul  (Hong Kong),17
Imad Wasim  (Pakistan),778
Imam-ul-Haq  (Pakistan),1387
Imran Abbas  (Pakistan),29
Imran Farhat  (Pakistan),1719
Imran Haider  (United Arab Emirates),58
Imran Khan  (Pakistan),3709
Imran Nazir  (Pakistan),1895
Imran Tahir  (South Africa),146
Imrul Kayes  (Bangladesh),2434
Imtiaz Abbasi  (United Arab Emirates),12
Colin Ingram  (South Africa),843
Peter Ingram  (New Zealand),193
Intikhab Alam  (Pakistan),17
Inzamam-ul-Haq  (Pakistan / ACC Asian XI),11739
Moneeb Iqbal  (Scotland),192
Tariq Iqbal  (Kenya),17
Iqbal Qasim  (Pakistan),39
Iqbal Sikander  (Pakistan),1
Ronald Irani  (England),360
Anthony Ireland  (Zimbabwe),30
Irfan Ahmed  (Hong Kong),99
Irfan Bhatti  (Pakistan),0
Irfan Fazil  (Pakistan),15
Irfan Sajid  (United Arab Emirates),2
Ishtiaq Muhammad  (Hong Kong),0
Shreyas Iyer  (India),210
Izatullah Dawlatzai  (Afghanistan),7
Steven Jack  (South Africa),7
Robin Jackman  (England),54
Ridley Jacobs  (West Indies),1865
Ajay Jadeja  (India),5359
Ravindra Jadeja  (India),2035
Kedar Jadhav  (India),1174
Wasim Jaffer  (India),10
Jahangir Alam  (Bangladesh),4
Jahangir Shah  (Bangladesh),16
Jahurul Islam  (Bangladesh),270
Jalaluddin  (Pakistan),5
Jamaluddin Ahmed  (Bangladesh),18
Wayne James  (Zimbabwe),101
John Jameson  (England),60
Floris Jansen  (Netherlands),0
Philip Jaques  (Australia),125
Kyle Jarvis  (Zimbabwe),158
Malcolm Jarvis  (Zimbabwe),37
Paul Jarvis  (England),31
Jessy Singh  (United States),0
Jatinder Singh  (Oman),0
Javed Ahmadi  (Afghanistan),971
Javed Miandad  (Pakistan),7381
Javed Omar  (Bangladesh),1312
Javed Qadeer  (Pakistan),12
Jawahir Shah  (East Africa),46
W Jayantha  (Sri Lanka),400
Pradeep Jayaprakashdaran  (Sri Lanka),0
Rohan Jayasekera  (Sri Lanka),17
Sunil Jayasinghe  (Sri Lanka),1
Shehan Jayasuriya  (Sri Lanka),83
Prabath Jayasuriya  (Sri Lanka),11
Sanath Jayasuriya  (Sri Lanka / ACC Asian XI),13430
Mahela Jayawardene  (Sri Lanka / ACC Asian XI),12650
Prasanna Jayawardene  (Sri Lanka),27
Sridharan Jeganathan  (Sri Lanka),25
Terrence Jenner  (Australia),12
Kerry Jeremy  (West Indies),17
Trevor Jesty  (England),127
Karun Jethi  (Canada),87
Joginder Sharma  (India),35
Vinothen John  (Sri Lanka),84
Howard Johnson  (United States),9
Leon Johnson  (West Indies),98
Mitchell Johnson  (Australia),951
Mark Johnson  (United States),20
Neil Johnson  (Zimbabwe),1679
Richard Johnson  (England),16
Trent Johnston  (Ireland),743
Aaron Jones  (United States),2
Andrew Jones  (New Zealand),2784
Dean Jones  (Australia),6068
Geraint Jones  (England / England),862
Michael Jones  (Scotland),194
Malachi Jones  (Bermuda),113
Nigel Jones  (Ireland),74
Richard Jones  (New Zealand),168
Simon Jones  (England),1
Luke Jongwe  (Zimbabwe),236
Christiaan Jonker  (South Africa),31
Mark Jonkman  (Netherlands),43
Maurits Jonkman  (Netherlands),36
Sundeep Jora  (Nepal),19
Chris Jordan  (England),169
Alzarri Joseph  (West Indies),104
Davis Joseph  (Canada),13
Sylvester Joseph  (West Indies),161
Sunil Joshi  (India),584
Dominick Joyce  (Ireland),29
Ed Joyce  (Ireland / England),2622
Jubair Hossain  (Bangladesh),5
Brendon Julian  (Australia),224
Bernard Julien  (West Indies),86
Junaid Khan  (Pakistan),68
Junaid Siddique  (Bangladesh),1196
Junaid Siddiqui  (Canada),67
Junaid Zia  (Pakistan),2
Sandeep Jyoti  (Canada),264
Kabir Ali  (England),93
Kabir Khan  (Pakistan),10
Roy Kaia  (Zimbabwe),0
Mohammad Kaif  (India),2753
Abhijit Kale  (India),10
Kaleemullah  (Oman),0
Alvin Kallicharran  (West Indies),826
Jacques Kallis  (South Africa / ACA Africa XI / ICC World XI),11579
Ruwan Kalpage  (Sri Lanka),844
Lalith Kaluperuma  (Sri Lanka),33
Sanath Kaluperuma  (Sri Lanka),11
Romesh Kaluwitharana  (Sri Lanka),3711
James Kamande  (Kenya),1055
Vinod Kambli  (India),2477
Kamran Akmal  (Pakistan),3236
Kamran Hussain  (Pakistan),28
Kamran Shahzad  (United Arab Emirates),22
Tafadzwa Kamungozi  (Zimbabwe),27
Tinashe Kamunhukamwe  (Zimbabwe),37
Kenneth Kamyuka  (Canada),2
Thilina Kandamby  (Sri Lanka),870
Arvindah Kandappah  (Canada),97
Danish Kaneria  (Pakistan),12
Rohan Kanhai  (West Indies),164
Hrishikesh Kanitkar  (India),339
Kapil Dev  (India),3783
Aashish Kapoor  (India),43
Chamara Kapugedera  (Sri Lanka),1624
Karan KC  (Nepal),21
Morne Karg  (Namibia),45
Aasif Karim  (Kenya),228
Irfan Karim  (Kenya),396
Saba Karim  (India),362
Karim Janat  (Afghanistan),9
Karim Sadiq  (Afghanistan),475
Shaul Karnain  (Sri Lanka),229
Dinesh Karthik  (India),1738
Murali Kartik  (India),126
Dimuth Karunaratne  (Sri Lanka),267
Kashif Raza  (Pakistan),2
Michael Kasprowicz  (Australia),74
Friday Kasteni  (Zimbabwe),18
Eion Katchay  (Canada),23
Simon Katich  (Australia),1324
Siddarth Kaul  (India),1
Tharindu Kaushal  (Sri Lanka),0
Stefan Kelly  (Bermuda),14
Justin Kemp  (South Africa / ACA Africa XI),1512
Robert Kennedy  (New Zealand),17
John Kent  (South Africa),0
Martin Kent  (Australia),78
Robert Kerr  (Australia),97
Alexei Kervezee  (Netherlands),924
Shaheed Keshvani  (Canada),21
Daniel Keulder  (Namibia),132
Robert Key  (England),54
Paras Khadka  (Nepal),235
Subash Khakurel  (Nepal),69
Khaled Mahmud  (Bangladesh),991
Khaled Mashud  (Bangladesh),1818
Khalid Khan  (Hong Kong),5
Khalid Latif  (Pakistan),147
Khaliq Dad  (Afghanistan),40
Zaheer Khan  (India / ACC Asian XI),792
Surinder Khanna  (India),176
Usman Khawaja  (Australia),1238
Khawar Ali  (Oman),3
Gagan Khoda  (India),115
Amay Khurasiya  (India),149
Khurram Chohan  (Canada),165
Khurram Khan  (United Arab Emirates),582
Khurram Manzoor  (Pakistan),236
Khurram Nawaz  (Oman),17
Gary Kidd  (Ireland),15
Craig Kieswetter  (England),1054
Jason Kila  (Papua New Guinea),34
Collis King  (West Indies),280
Reon King  (West Indies),65
Vivian Kingma  (Netherlands),0
Syed Kirmani  (India),373
Gary Kirsten  (South Africa),6798
Peter Kirsten  (South Africa),1293
Robert Kirtley  (England),2
Heinrich Klaasen  (South Africa),251
Fred Klaassen  (Netherlands),24
Rory Kleinveldt  (South Africa),105
Jan Kloppenburg  (Netherlands),165
Lance Klusener  (South Africa),3576
Nicholas Knight  (England),3637
Alan Knott  (England),200
Louis Koen  (South Africa),82
Virat Kohli  (India),10843
Bjorn Kotze  (Namibia),27
Deon Kotze  (Namibia),82
J P Kotze  (Namibia),23
Jason Krejza  (Australia),13
Krishna Chandran  (United Arab Emirates),134
Pallemoni Krishnamurthy  (India),6
Bradley Kruger  (Netherlands),32
Courtney Kruger  (Hong Kong),3
Garnett Kruger  (South Africa),0
Neil Kruger  (Netherlands),39
Christopher Kuggeleijn  (New Zealand),142
Scott Kuggeleijn  (New Zealand),11
Adrian Kuiper  (South Africa),539
Kosala Kulasekara  (Sri Lanka),38
Nuwan Kulasekara  (Sri Lanka),1327
Kuldeep Yadav  (India),100
Dhawal Kulkarni  (India),27
Nilesh Kulkarni  (India),11
Rajiv Kulkarni  (India),33
Bhuvneshwar Kumar  (India),523
Nitish Kumar  (Canada),217
Praveen Kumar  (India),292
Lahiru Kumara  (Sri Lanka),16
Thirunavukkar Kumaran  (India),19
Anil Kumble  (India / ACC Asian XI),938
Brendon Kuruppu  (Sri Lanka),1022
Abey Kuruvilla  (India),26
Kwame Tucker  (Bermuda),95
Graeme Labrooy  (Sri Lanka),249
Bruce Laird  (Australia),594
Suranga Lakmal  (Sri Lanka),217
Chamila Lakshitha  (Sri Lanka),7
S Lama  (Hong Kong),16
Allan Lamb  (England),4010
Gregory Lamb  (Zimbabwe),197
Raman Lamba  (India),783
Clayton Lambert  (United States / West Indies),407
Sandeep Lamichhane  (Nepal),40
John Lamsam  (Hong Kong),24
Justin Langer  (Australia),160
Charl Langeveldt  (South Africa),73
Dave Langford-Smith  (Ireland),142
Brian Lara  (West Indies / ICC World XI),10405
Wayne Larkins  (England),591
Gavin Larsen  (New Zealand),629
Rodney Latham  (New Zealand),583
Tom Latham  (New Zealand),2395
Ben Laughlin  (Australia),1
Trevor Laughlin  (Australia),105
Stuart Law  (Australia),1237
David Lawrence  (England),0
Bill Lawry  (Australia),27
Geoff Lawson  (Australia),378
Jermaine Lawson  (West Indies),18
V V S Laxman  (India),2338
Michael Leask  (Scotland),443
Brett Lee  (Australia),1176
Shane Lee  (Australia),477
Warren Lees  (New Zealand),215
Roland Lefebvre  (Netherlands),171
Darren Lehmann  (Australia),3078
John Lever  (England),56
Peter Lever  (England),17
Dwayne Leverock  (Bermuda),112
Chris Lewis  (England),374
Evin Lewis  (West Indies),1010
Johnathan Lewis  (England),50
Michael Lewis  (Australia),4
Rawl Lewis  (West Indies),291
Liaqat Ali  (Pakistan),7
Gerhardus Liebenberg  (South Africa),94
Dennis Lillee  (Australia),240
Liton Das  (Bangladesh),584
Josh Little  (Ireland),9
Dulip Liyanage  (Sri Lanka),144
Clive Lloyd  (West Indies),1977
David Lloyd  (England),285
Graham Lloyd  (England),39
Timothy Lloyd  (England),101
Alan Lock  (Zimbabwe),8
Douglas Lockhart  (Scotland),218
Gus Logie  (West Indies),2809
Kaushal Lokuarachchi  (Sri Lanka),210
Christopher Lonsdale  (Bermuda),4
Bernard Loots  (Netherlands),16
Alexander Loudon  (England),0
Johann Louw  (South Africa),23
Jan Louw  (Namibia),0
James Love  (England),61
Malachy Loye  (England),142
Steven Lubbers  (Netherlands),24
Brian Luckhurst  (England),15
Michael Lumb  (England),165
Alfred Luseno  (Kenya),34
Monte Lynch  (England),8
Chris Lynn  (Australia),75
Nathan Lyon  (Australia),69
Ross Lyons  (Scotland),90
Stuart MacGill  (Australia),1
Matthew Machan  (Scotland),734
Angus Mackay  (Zimbabwe),0
John Maclean  (Australia),11
Kenneth MacLeay  (Australia),139
Calum Macleod  (Scotland),1954
Neil MacRae  (Scotland),10
Sharma Madan Lal  (India),401
Darren Maddy  (England),113
Trevor Madondo  (Zimbabwe),191
Ranjan Madugalle  (Sri Lanka),950
Ranjith Madurasinghe  (Sri Lanka),21
Shehan Madushanka  (Sri Lanka),7
Lahiru Madushanka  (Sri Lanka),14
Neville Madziva  (Zimbabwe),67
Mafizur Rahman  (Bangladesh),53
John Maguire  (Australia),42
Roshan Mahanama  (Sri Lanka),5162
Keshav Maharaj  (South Africa),25
Farveez Maharoof  (Sri Lanka),1113
Mahbubul Alam  (Bangladesh),81
Mahbubur Rahman  (Bangladesh),3
James Maher  (Australia),438
Sajid Mahmood  (England),85
Mahmood Hamid  (Pakistan),1
Mahmudullah  (Bangladesh),3757
Blessing Mahwire  (Zimbabwe),117
Gregor Maiden  (Scotland),84
Majid Khan  (Pakistan),786
Dawid Malan  (England),24
Devon Malcolm  (England),9
Ashok Malhotra  (India),457
Jaskaran Malhotra  (United States),0
Lasith Malinga  (Sri Lanka),550
Gyanendra Malla  (Nepal),143
Ashley Mallett  (Australia),14
Michael Malone  (Australia),36
Maninder Singh  (India),49
Sanjay Manjrekar  (India),1994
Manjural Islam  (Bangladesh),53
Manjural Islam Rana  (Bangladesh),331
Ashok Mankad  (India),44
Graham Manou  (Australia),7
Mansoor Akhtar  (Pakistan),593
Mansoor Amjad  (Pakistan),5
Mansoor Rana  (Pakistan),15
Manzoor Akhtar  (Pakistan),97
Manzoor Elahi  (Pakistan),741
Maqsood Rana  (Pakistan),5
Ishwar Maraj  (Canada),98
Alester Maregwede  (Zimbabwe),124
Douglas Marillier  (Zimbabwe),672
Aiden Markram  (South Africa),503
Victor Marks  (England),285
Geoff Marsh  (Australia),4357
Mitchell Marsh  (Australia),1428
Rod Marsh  (Australia),1225
Shaun Marsh  (Australia),2747
Cecil Marshall  (Canada),10
Hamish Marshall  (New Zealand),1454
James Marshall  (New Zealand),250
Malcolm Marshall  (West Indies),955
Xavier Marshall  (United States / West Indies),386
Anthony Martin  (West Indies),10
Chris Martin  (New Zealand),8
Gary Martin  (Zimbabwe),31
Jacob Martin  (India),158
Peter Martin  (England),38
Damien Martyn  (Australia),5346
Timycen Maruma  (Zimbabwe),196
Hamilton Masakadza  (Zimbabwe),5604
Shingirai Masakadza  (Zimbabwe),170
Wellington Masakadza  (Zimbabwe),53
Dimitri Mascarenhas  (England),245
Mashrafe Mortaza  (Bangladesh / ACC Asian XI),1752
Michael Mason  (New Zealand),24
Masood Iqbal  (Pakistan),2
Steve Massiah  (United States),23
Robert Massie  (Australia),16
Prince Masvaure  (Zimbabwe),40
Everton Matambanadzo  (Zimbabwe),8
Angelo Mathews  (Sri Lanka),5381
Andrew Mathieson  (New Zealand),0
Stuart Matsikenyeri  (Zimbabwe),2224
Craig Matthews  (South Africa),141
Greg Matthews  (Australia),619
Everton Mattis  (West Indies),86
Bryan Mauricette  (Canada),20
Brandon Mavuta  (Zimbabwe),52
Tinotenda Mawoyo  (Zimbabwe),58
Donovan Maxwell  (Canada),166
Glenn Maxwell  (Australia),2700
Tim May  (Australia),39
Matthew Maynard  (England),156
Mazhar Hussain  (United Arab Emirates),179
Mazharul Haque  (Bangladesh),3
Mpumelelo Mbangwa  (Zimbabwe),34
Cameron McAuslan  (Hong Kong),35
Andy McBrine  (Ireland),255
William McCallan  (Ireland),361
Neil McCallum  (Scotland),1002
Rory McCann  (Ireland),44
Graeme McCarter  (Ireland),1
Barry McCarthy  (Ireland),110
Mitchell McClenaghan  (New Zealand),108
James McCollum  (Ireland),17
Richard McCosker  (Australia),320
Obed McCoy  (West Indies),0
Brendon McCullum  (New Zealand),6083
Nathan McCullum  (New Zealand),1070
Rodney McCurdy  (Australia),33
Craig McDermott  (Australia),432
Paul McEwan  (New Zealand),204
Neil McGarrell  (West Indies),60
Peter McGlashan  (New Zealand),63
Anthony McGrath  (England),166
Glenn McGrath  (Australia / ICC World XI),115
Andrew McKay  (New Zealand),12
Clinton McKay  (Australia),190
Brian McKechnie  (New Zealand),54
Scott McKechnie  (Hong Kong),108
Graham McKenzie  (Australia),0
Neil McKenzie  (South Africa),1688
Ryan McLaren  (South Africa),485
Nixon McLean  (West Indies),314
Hamish McLeod  (East Africa),5
Brian McMillan  (South Africa),841
Craig McMillan  (New Zealand),4707
Ervin McSweeney  (New Zealand),73
Stuart Meaker  (England),2
Mehidy Hasan  (Bangladesh),291
Mehmood Quaraishy  (East Africa),41
Vijay Mehra  (United Arab Emirates),92
Mehrab Hossain  (Bangladesh),449
Mehrab Hossain  (Bangladesh),276
Praful Mehta  (East Africa),12
Babu Meman  (Zimbabwe),19
Ajantha Mendis  (Sri Lanka),188
Kusal Mendis  (Sri Lanka),1692
Jeevan Mendis  (Sri Lanka),617
Duleep Mendis  (Sri Lanka),1527
Chaminda Mendis  (Sri Lanka),3
Kamindu Mendis  (Sri Lanka),17
Joe Mennie  (Australia),1
Keegan Meth  (Zimbabwe),106
Paras Mhambrey  (India),7
David Miller  (South Africa),2922
Geoff Miller  (England),136
Nikita Miller  (West Indies),284
Jonathan Millmow  (New Zealand),0
Kyle Mills  (New Zealand),1047
Adam Milne  (New Zealand),168
Minhajul Abedin  (Bangladesh),453
Dean Minors  (Bermuda),478
Solomon Mire  (Zimbabwe),905
Mirwais Ashraf  (Afghanistan),387
Misbah-ul-Haq  (Pakistan),5122
Amit Mishra  (India),43
Tanmay Mishra  (Kenya),1128
Abhimanyu Mithun  (India),51
Hitesh Modi  (Kenya),1109
Mohammad Abbas  (Pakistan),0
Mohammad Akram  (Pakistan),14
Mohammad Amir  (Pakistan),352
Mohammad Ashraful  (Bangladesh / ACC Asian XI),3468
Mohammad Asif  (Pakistan / ACC Asian XI),34
Mohammad Aslam  (United Arab Emirates),38
Mohammad Boota  (United Arab Emirates),191
Mohammad Hafeez  (Pakistan),6361
Mohammad Hasnain  (Pakistan),28
Mohammad Hussain  (Pakistan),154
Mohammad Iqbal  (Canada),54
Mohammad Irfan  (Pakistan),48
Mohammad Ishaq  (United Arab Emirates),98
Mohammad Kashif  (Netherlands),1
Mohammad Khalil  (Pakistan),0
Mohammad Mithun  (Bangladesh),420
Mohammad Nabi  (Afghanistan),2592
Mohammad Nadeem  (Oman),5
Mohammad Naveed  (United Arab Emirates),397
Mohammad Nawaz  (Pakistan),199
Mohammad Rafique  (Bangladesh / ACC Asian XI),1191
Mohammad Rizwan  (Pakistan),705
Mohammad Saifuddin  (Bangladesh),175
Mohammad Salim  (Bangladesh),9
Mohammad Salman  (Pakistan),22
Mohammad Sami  (Pakistan),314
Mohammad Shahzad  (Afghanistan),2720
Mohammad Shahzad  (United Arab Emirates),190
Mohammad Talha  (Pakistan),0
Mohammad Tauqir  (United Arab Emirates),95
Mohammad Wasim  (Pakistan),543
Mohammad Yousuf  (Pakistan / ACC Asian XI),9720
Mohammad Zahid  (Pakistan),15
Dave Mohammed  (West Indies),0
Jason Mohammed  (West Indies),551
Mohammed Nazir  (Pakistan),4
Mohammed Qasim  (United Arab Emirates),94
Mohammed Shami  (India),131
Mohammed Sharif  (Bangladesh),53
Mohammed Siraj  (India),0
Debashish Mohanty  (India),28
Mohibullah Paak  (Afghanistan),0
Mohsin Kamal  (Pakistan),27
Mohsin Khan  (Pakistan),1877
Moin Khan  (Pakistan),3266
Moin-Ul-Atiq  (Pakistan),199
Geert-Maarten Mol  (Netherlands),25
Hendrik Mol  (Netherlands),67
Mominul Haque  (Bangladesh),557
Preston Mommsen  (Scotland),1115
Dinesh Mongia  (India),1230
Nayan Mongia  (India),1272
Moniruzzaman  (Bangladesh),1
Tom Moody  (Australia),1211
John Mooney  (Ireland),963
Paul Mooney  (Ireland),12
Peter Moor  (Zimbabwe),801
Kiran More  (India),563
Vani Morea  (Papua New Guinea),313
Daniel Morgan  (Bermuda),2
Eoin Morgan  (England / Ireland),6977
Albie Morkel  (South Africa / ACA Africa XI),782
Morne Morkel  (South Africa / ACA Africa XI),268
Chris Morris  (South Africa),393
John Morris  (England),167
Danny Morrison  (New Zealand),171
John Morrison  (New Zealand),252
Morshed Ali Khan  (Bangladesh),2
Runako Morton  (West Indies),1519
Mosaddeck Hossain  (Bangladesh),407
Ezra Moseley  (West Indies),7
Mosharraf Hossain  (Bangladesh),26
Jeffrey Moss  (Australia),7
Martyn Moxon  (England),174
Phenyo Mpitsang  (South Africa),1
Chris Mpofu  (Zimbabwe),46
Natsai Mushangwe  (Zimbabwe),38
Jehan Mubarak  (Sri Lanka),704
Mudassar Bukhari  (Netherlands),515
Mudassar Nazar  (Pakistan),2653
Tafadzwa Mufambisi  (Zimbabwe),55
Muhammad Usman  (United Arab Emirates),618
Mujahid Jamshed  (Pakistan),27
Mujeeb Ur Rahman  (Afghanistan),41
Saradindu Mukherjee  (India),2
Saleem Mukuddem  (Bermuda),331
Jacob Mulder  (Ireland),15
Willem Mulder  (South Africa),74
Ashif Mulla  (Canada),482
Mohsin Mulla  (Canada),1
Alan Mullally  (England),86
Carl Mumba  (Zimbabwe),3
Arachchige Munasinghe  (Sri Lanka),13
Dilshan Munaweera  (Sri Lanka),15
Munir Dar  (Hong Kong),18
Colin Munro  (New Zealand),1146
George Munsey  (Scotland),470
Tawanda Mupariwa  (Zimbabwe),185
Muttiah Muralitharan  (Sri Lanka / ACC Asian XI / ICC World XI),674
Bryan Murgatroyd  (Namibia),90
Brian Murphy  (Zimbabwe),72
David Murphy  (Scotland),58
David Murray  (West Indies),45
Darrin Murray  (New Zealand),3
Deryck Murray  (West Indies),295
Junior Murray  (West Indies),678
Ryan Murray  (Zimbabwe),108
Tim Murtagh  (Ireland),186
Tarisai Musakanda  (Zimbabwe),304
Mushfiqur Rahim  (Bangladesh),5558
Mushfiqur Rahman  (Bangladesh),360
Mushtaq Ahmed  (Pakistan),399
Mushtaq Mohammad  (Pakistan),209
Mustafizur Rahman  (Bangladesh),57
Philip Mustard  (England),233
David Mutendera  (Zimbabwe),20
Forster Mutizwa  (Zimbabwe),403
Tinotenda Mutombodzi  (Zimbabwe),112
Richmond Mutumbami  (Zimbabwe),552
Blessing Muzarabani  (Zimbabwe),16
Taurai Muzarabani  (Zimbabwe),12
Waddington Mwayenga  (Zimbabwe),1
Stephan Myburgh  (Netherlands),294
Ganesh Mylvaganam  (United Arab Emirates),36
Nadeem Ahmed  (Hong Kong),67
Nadeem Ghauri  (Pakistan),14
Nadeem Khan  (Pakistan),2
Naeem Ahmed  (Pakistan),0
Naeem Ashraf  (Pakistan),24
Naeem Islam  (Bangladesh),975
Naeemuddin Aslam  (United Arab Emirates),12
Nafis Iqbal  (Bangladesh),309
Mahendra Nagamootoo  (West Indies),162
John Nagenda  (East Africa),0
Sudhir Naik  (India),38
Naimuir Rahman  (Bangladesh),488
Karun Nair  (India),46
Najaf Shah  (Pakistan),0
Najeeb Amar  (Hong Kong),38
Najeeb Tarakai  (Afghanistan),5
Najibullah Zadran  (Afghanistan),1270
Parbhu Nana  (East Africa),9
Dirk Nannes  (Australia),1
Alei Nao  (Papua New Guinea),85
Sunil Narine  (West Indies),363
Naseer Malik  (Pakistan),0
Brendan Nash  (West Indies),104
Dion Nash  (New Zealand),624
Nasim-Ul-Ghani  (Pakistan),1
Nasir Ahmed  (Bangladesh),25
Nasir Aziz  (United Arab Emirates),82
Nasir Hameed  (Hong Kong),0
Nasir Hossain  (Bangladesh),1281
Nasir Jamal  (Afghanistan),352
Nasir Jamshed  (Pakistan),1418
Nasir Javed  (United States),2
Naumanullah  (Pakistan),5
Naved Anjum  (Pakistan),113
Naved Latif  (Pakistan),262
Naved-ul-Hasan  (Pakistan),524
Naveen -ul-Haq  (Afghanistan),0
Naveed Nawaz  (Sri Lanka),31
Nawroz Mangal  (Afghanistan),1139
Surendra Nayak  (India),3
Dharshana Gamage  (Sri Lanka),3
Abhishek Nayar  (India),0
Nazimuddin  (Bangladesh),147
Nazmul Hossain  (Bangladesh),35
Nazmul Hossain Shanto  (Bangladesh),20
Nazmul Islam  (Bangladesh),7
Njabulo Ncube  (Zimbabwe),0
James Neesham  (New Zealand),1015
Neeyamur Rashid  (Bangladesh),5
Ashish Nehra  (India),141
Andre Nel  (South Africa),127
Dewal Nel  (Scotland),31
Michael Neser  (Australia),8
Tarun Nethula  (New Zealand),12
Saurabh Netravalkar  (United States),11
Christopher Nevin  (New Zealand),732
Richard Ngarava  (Zimbabwe),14
Lungisani Ngidi  (South Africa),40
James Ngoche  (Kenya),35
Shem Ngoche  (Kenya),68
Henry Nicholls  (New Zealand),1029
Robert Nicol  (New Zealand),586
Ian Nicolson  (Zimbabwe),14
Ruud Nijman  (Netherlands),0
Prabath Nissanka  (Sri Lanka),53
Paul Nixon  (England),297
Nizakat Khan  (Hong Kong),675
Mluleki Nkala  (Zimbabwe),324
Ashley Noffke  (Australia),0
Noor Ali Zadran  (Afghanistan),1153
Noor-ul-Haq  (Afghanistan),12
Marcus North  (Australia),6
Anrich Nortje  (South Africa),8
Makhaya Ntini  (South Africa / ICC World XI),199
Ashley Nurse  (West Indies),482
Nurul Abedin  (Bangladesh),15
Nurul Hasan  (Bangladesh),68
John Nyumbu  (Zimbabwe),46
Alex Obanda  (Kenya),1306
George O'Brien  (Bermuda),38
Iain O'Brien  (New Zealand),3
Kevin O'Brien  (Ireland),3444
Niall O'Brien  (Ireland),2581
Collins Obuya  (Kenya),2044
David Obuya  (Kenya),1355
Shayne O'Connor  (New Zealand),24
Nelson Odhiambo  (Kenya),23
Nehemiah Odhiambo  (Kenya),561
Simon O'Donnell  (Australia),1242
Thomas Odoyo  (Kenya / ACA Africa XI),2420
Edward Odumbe  (Kenya),61
Maurice Odumbe  (Kenya),1409
Naman Ojha  (India),1
Pragyan Ojha  (India),46
Kerry O'Keeffe  (Australia),16
Chris Old  (England),338
Duanne Olivier  (South Africa),0
Henry Olonga  (Zimbabwe),95
Lucas Oluoch  (Kenya),6
Ali Omarshah  (Zimbabwe),437
Peter Ongondo  (Kenya / ACA Africa XI),389
Graham Onions  (England),1
Justin Ontong  (South Africa / ACA Africa XI),184
Lamech Onyango  (Kenya),144
Antony Opatha  (Sri Lanka),29
Jacob Oram  (New Zealand),2434
Henry Osinde  (Canada),64
David O'Sullivan  (New Zealand),2
Elijah Otieno  (Kenya),49
Francis Otieno  (Kenya),16
Kennedy Otieno  (Kenya),2016
Maurice Ouma  (Kenya),1501
Steven Outerbridge  (Bermuda),338
Craig Overton  (England),0
Michael Owens  (New Zealand),0
Tim Paine  (Australia),890
Steven Palframan  (South Africa),55
Mangesh Panchel  (Netherlands),0
Gyanendra Pandey  (India),4
Manish Pandey  (India),440
Chandrakant Pandit  (India),290
Hardik Pandya  (India),731
Monty Panesar  (England),26
Pankaj Singh  (India),3
Rishabh Pant  (India),93
Tinashe Panyangara  (Zimbabwe),239
Michael Papps  (New Zealand),207
Jatin Paranjpe  (India),54
Brenton Parchment  (West Indies),122
Joel Paris  (Australia),0
Ghulam Parkar  (India),165
John Parker  (New Zealand),248
Matthew Parker  (Scotland),59
Norman Parker  (New Zealand),0
Wayne Parnell  (South Africa),508
Adam Parore  (New Zealand),3314
Derek Parry  (West Indies),61
Stephen Parry  (England),0
Parvez Rasool  (India),0
Nelon Pascal  (West Indies),0
Leonard Pascoe  (Australia),39
Sudath Pasqual  (Sri Lanka),24
Ashish Patel  (Canada),25
Ashok Patel  (India),6
Axar Patel  (India),181
Brijal Patel  (Kenya),360
Brijesh Patel  (India),243
Dipak Patel  (New Zealand),623
Hiral Patel  (Canada),468
Jitendra Patel  (Canada),3
Jeetan Patel  (New Zealand),95
Kalpesh Patel  (Kenya),1
Monank Patel  (United States),39
Malhar Patel  (Kenya),40
Munaf Patel  (India),74
Parthiv Patel  (India),736
Rashid Patel  (India),0
Rakeep Patel  (Kenya),621
Samit Patel  (England),482
Timil Patel  (United States),50
Dane Paterson  (South Africa),0
Grant Paterson  (Zimbabwe),123
Irfan Pathan  (India),1544
Rayyankhan Pathan  (Canada),2
Yusuf Pathan  (India),810
Sachith Pathirana  (Sri Lanka),332
Sandeep Patil  (India),1005
Swapnil Patil  (United Arab Emirates),263
Jason Patraj  (Canada),21
Bruce Patterson  (Scotland),10
Balfour Patterson  (West Indies),44
James Pattinson  (Australia),42
Rohit Kumar  (Nepal),86
Keemo Paul  (West Indies),115
Thelston Payne  (West Indies),126
Stephen Peall  (Zimbabwe),91
Gerald Peckover  (Zimbabwe),33
Andrew Penn  (New Zealand),23
Angelo Perera  (Sri Lanka),39
Gamini Perera  (Sri Lanka),0
Dilruwan Perera  (Sri Lanka),152
Kusal Perera  (Sri Lanka),2283
Thisara Perera  (Sri Lanka),2147
Priyamal Perera  (Sri Lanka),33
Ruchira Perera  (Sri Lanka),8
Suresh Perera  (Sri Lanka),195
Veerasammy Permaul  (West Indies),19
Nehemiah Perry  (West Indies),212
Pervez Mir  (Pakistan),26
Alviro Petersen  (South Africa),504
Robin Peterson  (South Africa),556
Mark Petrie  (Scotland),3
Richard Petrie  (New Zealand),65
Aaron Phangiso  (South Africa),81
Andile Phehlukwayo  (South Africa),416
Vernon Philander  (South Africa),151
Iain Philip  (Scotland),20
Norbert Phillip  (West Indies),0
Wayne Phillips  (Australia),852
Mevan Pieris  (Sri Lanka),19
Kevin Pietersen  (England / ICC World XI),4440
Arthur Pitcher  (Bermuda),20
Azeem Pitcher  (Bermuda),36
Oliver Pitcher  (Bermuda),72
Liam Plunkett  (England),584
Patrick Pocock  (England),4
Nosaina Pokana  (Papua New Guinea),9
Kieron Pollard  (West Indies),2289
Victor Pollard  (New Zealand),67
Shaun Pollock  (South Africa / ACA Africa XI / ICC World XI),3519
Ricky Ponting  (Australia / ICC World XI),13704
Riaz Poonawala  (United Arab Emirates),44
Navdeep Poonia  (Scotland),237
Nicholas Pooran  (West Indies),0
Graeme Porter  (Australia),3
William Porterfield  (Ireland),3962
Nic Pothas  (South Africa),24
Ramesh Powar  (India),163
Daren Powell  (West Indies),118
Kieran Powell  (West Indies),1005
Rovman Powell  (West Indies),670
Ricardo Powell  (West Indies),2085
Andrew Poynter  (Ireland),255
Stuart Poynter  (Ireland),185
Manoj Prabhakar  (India),1858
Nuwan Pradeep  (Sri Lanka),27
Venkatesh Prasad  (India),221
Dhammika Prasad  (Sri Lanka),129
Mannava Prasad  (India),131
Seekkuge Prasanna  (Sri Lanka),421
Dwaine Pretorius  (South Africa),132
Ray Price  (Zimbabwe),406
Mark Priest  (New Zealand),103
Ashwell Prince  (South Africa / ACA Africa XI),1018
Chris Pringle  (New Zealand),193
Donald Pringle  (East Africa),5
Derek Pringle  (England),425
Meyrick Pringle  (South Africa),48
Matthew Prior  (England),1282
Ashan Priyanjan  (Sri Lanka),420
Cheteshwar Pujara  (India),51
Yodhin Punja  (United Arab Emirates),1
Ravindra Pushpakumara  (Sri Lanka),36
Muthumudalige Pushpakumara  (Sri Lanka),7
Malinda Pushpakumara  (Sri Lanka),11
Andrew Puttick  (South Africa),0
Andrew Pycroft  (Zimbabwe),295
Milton Pydanna  (West Indies),2
Qadeer Ahmed  (United Arab Emirates),9
Qaiser Ali  (Canada),244
Qasim Omar  (Pakistan),642
Kagiso Rabada  (South Africa),201
Carl Rackemann  (Australia),34
Neal Radford  (England),0
Clive Radley  (England),250
Raees Ahmadzai  (Afghanistan),88
Rafiqul Alam  (Bangladesh),24
Rafiqul Islam  (Bangladesh),0
Ajinkya Rahane  (India),2962
Rahat Ali  (Pakistan),8
Rahmat Shah  (Afghanistan),2001
Pipi Raho  (Papua New Guinea),0
Kagiso Rabada  (South Africa),201
Carl Rackemann  (Australia),34
Neal Radford  (England),0
Clive Radley  (England),250
Raees Ahmadzai  (Afghanistan),88
Rafiqul Alam  (Bangladesh),24
Rafiqul Islam  (Bangladesh),0
Ajinkya Rahane  (India),2962
Rahat Ali  (Pakistan),8
Rahmat Shah  (Afghanistan),2001
Pipi Raho  (Papua New Guinea),0
KL Rahul  (India),343
Suresh Raina  (India),5615
Edward Rainsford  (Zimbabwe),55
Lallit Rajbanshi  (Nepal),5
Rajin Saleh  (Bangladesh),1005
Kasun Rajitha  (Sri Lanka),0
Lalchand Rajput  (India),9
Venkatapathy Raju  (India),32
Woorkeri Raman  (India),617
Champaka Ramanayake  (Sri Lanka),210
Ryan Ramdass  (West Indies),1
Denesh Ramdin  (West Indies),2200
Rameez Shahzad  (United Arab Emirates),691
Sadagopan Ramesh  (India),646
Ramiz Raja  (Pakistan),5841
Dinanath Ramnarine  (West Indies),5
Ravi Rampaul  (West Indies),362
Mark Ramprakash  (England),376
Darren Ramsammy  (Canada),0
Ramveer Rai  (United Arab Emirates),39
Anura Ranasinghe  (Sri Lanka),153
Keerhi Ranasinghe  (Sri Lanka),55
Arjuna Ranatunga  (Sri Lanka),7456
Dammika Ranatunga  (Sri Lanka),49
Nishantha Ranatunga  (Sri Lanka),0
Sanjeeva Ranatunga  (Sri Lanka),253
Seth Rance  (New Zealand),0
Ujesh Ranchod  (Zimbabwe),3
Derek Randall  (England),1067
Randhir Singh  (India),0
Suraj Randiv  (Sri Lanka),280
Boyd Rankin  (Ireland / England),85
Raqibul Hasan  (Bangladesh),1308
Raqibul Hasan  (Bangladesh),17
Adil Rashid  (England),543
Rashid Khan  (Afghanistan),798
Rashid Khan  (Pakistan),110
Rashid Latif  (Pakistan),1709
Rashid Zia  (United States),9
Vikram Rathore  (India),193
Nilantha Ratnayake  (Sri Lanka),0
Rumesh Ratnayake  (Sri Lanka),612
Ravi Ratnayeke  (Sri Lanka),824
Ajay Ratra  (India),90
Sanjay Raul  (India),8
Damien Ravu  (Papua New Guinea),6
Peter Rawson  (Zimbabwe),80
Ambati Rayudu  (India),1694
Raza Hasan  (Pakistan),0
Raza-ur-Rehman  (Canada),225
Vivek Razdan  (India),23
Chris Read  (England),300
Bharat Reddy  (India),11
Aaron Redmond  (New Zealand),152
Rodney Redmond  (New Zealand),3
Ian Redpath  (Australia),46
Darren Reekers  (Netherlands),481
Dermot Reeve  (England),291
Basant Regmi  (Nepal),13
Bruce Reid  (Australia),49
Charles Reid  (United States),8
John Reid  (New Zealand),633
Richard Reid  (New Zealand),248
Floyd Reifer  (West Indies),117
Raymon Reifer  (West Indies),7
Paul Reiffel  (Australia),503
Gavin Rennie  (Zimbabwe),635
John Rennie  (Zimbabwe),183
John Reva  (Papua New Guinea),62
Jonty Rhodes  (South Africa),5935
Steven Rhodes  (England),107
Clive Rice  (South Africa),26
Austin Richards  (West Indies),2
Clifton Richards  (England),154
Dale Richards  (West Indies),179
Sir Viv Richards  (West Indies),6721
David Richardson  (South Africa),868
Edward Richardson  (Ireland),12
Jhye Richardson  (Australia),68
Kane Richardson  (Australia),50
Mark Richardson  (New Zealand),42
Richie Richardson  (West Indies),6248
Michael Rindel  (South Africa),575
Emmanuel Ringera  (Kenya),0
Piet Rinke  (Zimbabwe),319
Michael Rippon  (Netherlands),71
Greg Ritchie  (Australia),959
Steve Rixon  (Australia),40
Chundangapoyil Rizwan  (United Arab Emirates),153
Rizwan Ahmed  (Pakistan),0
Rizwan Cheema  (Canada),764
Rizwan Latif  (United Arab Emirates),0
Rizwan-Uz-Zaman  (Pakistan),20
Kemar Roach  (West Indies),280
Andrew Roberts  (New Zealand),16
Andy Roberts  (West Indies),231
Stuart Roberts  (New Zealand),1
Gary Robertson  (New Zealand),49
Gavin Robertson  (Australia),45
Jacobi Robinson  (Bermuda),27
Richard Robinson  (Australia),82
Tim Robinson  (England),597
Robiul Islam  (Bangladesh),0
Liam Roche  (Zimbabwe),4
Barney Rogers  (Zimbabwe),478
Glenn Rogers  (Scotland),81
Rohan Mustafa  (United Arab Emirates),662
Rokhan Barakzai  (Afghanistan),0
Toby Roland-Jones  (England),37
Irvine Romaine  (Bermuda),783
Leon Romero  (United States),1
Luke Ronchi  (New Zealand / Australia),1397
Graham Roope  (England),173
Joe Root  (England),5300
Brian Rose  (England),99
Franklyn Rose  (West Indies),217
Rilee Rossouw  (South Africa),1239
Lawrence Rowe  (West Indies),136
Jason Roy  (England),2938
Rubel Hossain  (Bangladesh),123
Jacques Rudolph  (South Africa / ACA Africa XI),1174
Rumman Raees  (Pakistan),27
David Rundle  (South Africa),6
Mark Rushmere  (South Africa),78
Andre Russell  (West Indies),998
Jack Russell  (England),423
Hamish Rutherford  (New Zealand),15
Ken Rutherford  (New Zealand),3143
Jesse Ryder  (New Zealand),1362
Saad Ali  (Pakistan),11
Saad Nasim  (Pakistan),99
Saadat Ali  (Pakistan),184
Sabbir Rahman  (Bangladesh),1219
Sadiq Mohammad  (Pakistan),383
Saeed Ajmal  (Pakistan),324
Saeed Anwar  (Pakistan),8824
Saeed Azad  (Pakistan),65
Saeed-Al-Saffar  (United Arab Emirates),0
Sagar Pun  (Nepal),3
Anil Sah  (Nepal),25
Wriddhiman Saha  (India),41
Saiful Islam  (Bangladesh),37
Sajid Ali  (Pakistan),130
Sajjad Ahmed  (Bangladesh),15
Sajjad Akbar  (Pakistan),5
Salahuddin Ahmed  (Bangladesh),24
Saleem Altaf  (Pakistan),25
Saleem Elahi  (Pakistan),1579
Saleem Malik  (Pakistan),7170
Saleem Pervez  (Pakistan),18
Saleem Raza  (United Arab Emirates),159
Saleem Yousuf  (Pakistan),768
Salim Jaffer  (Pakistan),36
Ian Salisbury  (England),7
Salman Butt  (Pakistan),2725
Salman Faris  (United Arab Emirates),43
Salman Farooq  (United Arab Emirates),0
George Salmond  (Scotland),57
Aavishkar Salvi  (India),4
Abdool Samad  (Canada),738
Johanne Samarasekera  (United Arab Emirates),124
Athula Samarasekera  (Sri Lanka),844
Dulip Samaraweera  (Sri Lanka),91
Thilan Samaraweera  (Sri Lanka),862
Edagedara Samarawickrama  (Sri Lanka),132
Sameer Zia  (United Arab Emirates),2
Sami Aslam  (Pakistan),78
Samiullah Khan  (Pakistan),0
Samiullah Shinwari  (Afghanistan),1737
Samiur Rahman  (Bangladesh),4
Darren Sammy  (West Indies),1871
Marlon Samuels  (West Indies),5606
Robert Samuels  (West Indies),54
Lakshan Sandakan  (Sri Lanka),31
Sandeep Goud  (Oman),0
Kevin Sandher  (Canada),36
Balwinder Sandhu  (India),51
Gurinder Sandhu  (Australia),0
Kumar Sangakkara  (Sri Lanka / ACC Asian XI / ICC World XI),14234
Rahul Sanghvi  (India),8
Mitchell Santner  (New Zealand),826
Sanwar Hossain  (Bangladesh),290
Saqib Ali  (United Arab Emirates),84
Saqlain Haider  (United Arab Emirates),58
Saqlain Mushtaq  (Pakistan),711
Sarandeep Singh  (India),47
Sarfraz Ahmed  (Pakistan),2128
Sarfraz Nawaz  (Pakistan),221
Pawan Sarraf  (Nepal),12
Ramnaresh Sarwan  (West Indies),5804
Fazil Sattaur  (Canada),20
Sayed Shirzad  (Afghanistan),0
Marcelis Schewe  (Netherlands),49
Edgar Schiferli  (Netherlands),161
Reiout Scholte  (Netherlands),39
Bernard Scholtz  (Namibia),0
Brett Schultz  (South Africa),0
Glenroy Sealy  (Canada),73
Barry Seebaran  (Canada),4
Peter Seelaar  (Netherlands),125
Surendra Seeraj  (Canada),13
Virender Sehwag  (India / ACC Asian XI / ICC World XI),8273
Tim Seifert  (New Zealand),33
Thirumalai Sekar  (India),0
Keith Semple  (West Indies),64
Charith Senanayake  (Sri Lanka),126
Sachithra Senanayake  (Sri Lanka),290
Craig Serjeant  (Australia),73
Ramesh Sethi  (East Africa),54
Shabbir Ahmed  (Pakistan),10
Shabir Noori  (Afghanistan),191
Shadab Kabir  (Pakistan),0
Shadab Khan  (Pakistan),294
Shafiq Ahmed  (Pakistan),41
Shafiqullah  (Afghanistan),430
Shafiuddin Ahmed  (Bangladesh),22
Shafiul Islam  (Bangladesh),126
Kinchit Shah  (Hong Kong),136
Owais Shah  (England),1834
Ravindu Shah  (Kenya),1506
Shahadat Hossain  (Bangladesh),79
Shaheedur Rahman  (Bangladesh),62
Shaheen Shah Afridi  (Pakistan),41
Shahid Afridi  (Pakistan / ACC Asian XI / ICC World XI),8064
Shahid Anwar  (Pakistan),37
Shahid Mahboob  (Pakistan),119
Shahid Nazir  (Pakistan),25
Shahid Saeed  (Pakistan),141
Shahid Wasif  (Hong Kong),81
Shahriar Hossain  (Bangladesh),362
Shahriar Nafees  (Bangladesh),2201
Shahzad Khan  (Canada),4
Shahzaib Hasan  (Pakistan),100
Shaiman Anwar  (United Arab Emirates),1219
Shakeel Ahmed  (Pakistan),61
Shakeel Khan  (Pakistan),0
Shakib Al Hasan  (Bangladesh),5717
Tabraiz Shamsi  (South Africa),0
Aftabodeen Shamsuden  (Canada),3
Shamsur Rahman  (Bangladesh),266
Shan Masood  (Pakistan),111
Dasun Shanaka  (Sri Lanka),327
Vijay Shankar  (India),165
James Shannon  (Ireland),2
Shapoor Zadran  (Afghanistan),67
Sharafuddin Ashraf  (Afghanistan),53
Safyaan Sharif  (Scotland),224
Shariful Haque  (Bangladesh),10
Sharjeel Khan  (Pakistan),812
Ajay Sharma  (India),424
Chetan Sharma  (India),456
Gopal Sharma  (India),11
Ishant Sharma  (India),72
Karn Sharma  (India),0
Mohit Sharma  (India),31
Parthasarathy Sharma  (India),20
Rahul Sharma  (Hong Kong),11
Rahul Sharma  (India),1
Rohit Sharma  (India),8010
Sanjeev Sharma  (India),80
Ravishankar Shastri  (India),3108
Timothy Shaw  (South Africa),26
Andrew Sheahan  (Australia),75
Shehzad Altaf  (United Arab Emirates),0
Mohammad Sheikh  (Kenya),68
Qasim Sheikh  (Scotland),63
Vikrant Shetty  (United Arab Emirates),16
Mthokozisi Shezi  (South Africa),0
Irvine Shillingford  (West Indies),30
Sew Shivnarine  (West Indies),20
Shoaib Akhtar  (Pakistan / ACC Asian XI / ICC World XI),394
Shoaib Malik  (Pakistan),7526
Shoaib Mohammad  (Pakistan),1269
D'Arcy Short  (Australia),83
Shubman Gill  (India),16
Laxmi Shukla  (India),18
Kenneth Shuttleworth  (England),7
Shuvagata Hom  (Bangladesh),70
Lega Siaka  (Papua New Guinea),352
Vusi Sibanda  (Zimbabwe / ACA Africa XI),2994
Peter Siddle  (Australia),31
James Siddons  (Australia),32
Ryan Sidebottom  (England),133
Navjot Sidhu  (India),4413
Sikandar Raza  (Zimbabwe),2515
Sikander Bakht  (Pakistan),31
Shadeep Silva  (United Arab Emirates),7
Kelaniyage Silva  (Sri Lanka),1
Chamara Silva  (Sri Lanka),1588
Amal Silva  (Sri Lanka),441
Christopher Silverwood  (England),17
Simandeep Singh  (Hong Kong),0
Simi Singh  (Ireland),193
Lendl Simmons  (West Indies),1958
Philip Simmons  (West Indies),3675
Eric Simons  (South Africa),217
Bob Simpson  (Australia),36
Richard Sims  (Zimbabwe),31
Matthew Sinclair  (New Zealand),1304
R P Singh  (India),104
R. P. Singh  (India),0
Robin Singh  (India),2336
Vikram Singh  (India),8
Milinda Siriwardana  (Sri Lanka),513
Laxman Sivaramakrishnan  (India),5
Skhawit Ali  (Hong Kong),46
Wilfred Slack  (England),43
Michael Slater  (Australia),987
Gladstone Small  (England),98
Milton Small  (West Indies),0
Timothy Smart  (Hong Kong),34
J J Smit  (Namibia),29
Clay Smith  (Bermuda),192
Colin Smith  (Scotland),432
Christopher Smith  (England),109
David Smith  (England),15
Dwayne Smith  (West Indies),1560
Devon Smith  (West Indies),1059
Graeme Smith  (South Africa / ACA Africa XI),6989
Ian Smith  (New Zealand),1055
Mclaren Smith  (Bermuda),0
Michael Smith  (England),70
Michael Smith  (Scotland),19
Neil Smith  (England),100
Robin Smith  (England),2419
Ruaidhri Smith  (Scotland),10
Stephen Smith  (Australia),861
Steven Smith  (Australia),3431
Jeroen Smits  (Netherlands),168
Jeremy Snape  (England),118
Shane Snater  (Netherlands),12
Martin Snedden  (New Zealand),535
Richard Snell  (South Africa),322
John Snow  (England),9
Sir Garry Sobers  (West Indies),0
Ish Sodhi  (New Zealand),62
Reetinder Sodhi  (India),280
Sohag Gazi  (Bangladesh),184
Sohaib Maqsood  (Pakistan),735
Sohail Butt  (United Arab Emirates),8
Sohail Fazal  (Pakistan),56
Sohail Khan  (Pakistan),25
Sohail Tanvir  (Pakistan),399
Vikram Solanki  (England),1097
Christopher Sole  (Scotland),16
Ton Sole  (Scotland),37
Eknath Solkar  (India),27
Sujith Somasunder  (India),16
Sompal Kami  (Nepal),146
Chad Soper  (Papua New Guinea),172
Durand Soraine  (Canada),14
Max Sorensen  (Ireland),125
Soumya Sarkar  (Bangladesh),1467
Tim Southee  (New Zealand),669
Craig Spearman  (New Zealand),936
Barinder Sran  (India),0
Laxman Sreekumar  (United Arab Emirates),61
Sreesanth  (India),44
Kris Srikkanth  (India),4091
Javagal Srinath  (India),883
Tirumalai Srinivasan  (India),10
Sridharan Sriram  (India),81
Keith Stackpole  (Australia),224
Jan Stander  (Scotland),44
Ian Stanger  (Scotland),50
Billy Stanlake  (Australia),4
Richard Staple  (United States),4
Mitchell Starc  (Australia),280
Nick Statham  (Netherlands),7
Martin Stead  (Canada),10
Ryan Steede  (Bermuda),70
David Steele  (England),8
William Stelling  (Netherlands),180
Graham Stevenson  (England),43
Alec Stewart  (England),4677
Errol Stewart  (South Africa),61
Shanan Stewart  (New Zealand),26
Dale Steyn  (South Africa / ACA Africa XI),365
Phillipus Steyn  (South Africa),4
Derek Stirling  (New Zealand),21
Paul Stirling  (Ireland),3897
Marcus Stoinis  (Australia),963
Ben Stokes  (England),2217
Lesley Stokkers  (Netherlands),15
Olly Stone  (England),9
Leslie Stott  (New Zealand),0
Bryan Strang  (Zimbabwe),92
Paul Strang  (Zimbabwe),1090
Andrew Strauss  (England),4205
Heath Streak  (Zimbabwe / ACA Africa XI),2943
Gregory Strydom  (Zimbabwe),147
Pieter Strydom  (South Africa),48
Reinhardt Strydom  (Ireland),83
Anthony Stuart  (Australia),1
Colin Stuart  (West Indies),3
Scott Styris  (New Zealand),4483
Murphy Su'A  (New Zealand),24
Subashis Roy  (Bangladesh),1
Sudhakar Rao  (India),4
Suhrawadi Shuvo  (Bangladesh),98
Anthony Suji  (Kenya),506
Martin Suji  (Kenya),247
Sultan Ahmed  (United Arab Emirates),18
Sultan Zarawani  (United Arab Emirates),26
Glen Sulzberger  (New Zealand),9
Shiraz Sumar  (East Africa),4
Sunzamul Islam  (Bangladesh),19
Suraj Kumar  (Oman),27
Zubin Surkari  (Canada),328
Stephan Swanepoel  (Namibia),43
Graeme Swann  (England),500
Michael Swart  (Netherlands),197
Syed Maqsood  (United Arab Emirates),18
Syed Rasel  (Bangladesh),81
Pat Symcox  (South Africa),694
Andrew Symonds  (Australia),5088
Gerrie Synman  (Namibia),5
Eric Szwarczynski  (Netherlands),1102
Tabarak Dar  (Hong Kong),101
Tahir Naqqash  (Pakistan),210
Tatenda Taibu  (Zimbabwe / ACA Africa XI),3393
Taijul Islam  (Bangladesh),21
Alex Tait  (New Zealand),35
Shaun Tait  (Australia),25
Talha Jubair  (Bangladesh),5
Tamim Iqbal  (Bangladesh),6636
Tanbir Hayder  (Bangladesh),5
Tanveer Ahmed  (Hong Kong),4
Tanvir Ahmed  (Pakistan),18
Tanvir Mehdi  (Pakistan),0
Tanwir Afzal  (Hong Kong),292
Tapash Baisya  (Bangladesh),336
Tareq Aziz  (Bangladesh),26
Tariq Javed  (Canada),15
Taskin Ahmed  (Bangladesh),41
Taslim Arif  (Pakistan),28
Taufeeq Umar  (Pakistan),504
Tausif Ahmed  (Pakistan),116
Chris Tavare  (England),720
Bruce Taylor  (New Zealand),22
Brendan Taylor  (Zimbabwe),6156
Jerome Taylor  (West Indies),278
Jonathan Taylor  (England),1
James Taylor  (England),887
Leslie Taylor  (England),1
Ross Taylor  (New Zealand),8026
Mark Taylor  (Australia),3514
Peter Taylor  (Australia),437
Robert Taylor  (Scotland),154
Robert Taylor  (England),130
Steven Taylor  (United States),0
Roger Telemachus  (South Africa),73
Ryan ten Doeschate  (Netherlands),1541
Sachin Tendulkar  (India),18426
Anura Tennekoon  (Sri Lanka),137
Daniel ter Braak  (Netherlands),40
David Terbrugge  (South Africa),5
Sean Terry  (Ireland),32
Vinoo Tewarie  (Netherlands),4
Shardul Thakur  (India),22
Upul Tharanga  (Sri Lanka / ACC Asian XI),6951
Rusty Theron  (South Africa),5
Lahiru Thirimanne  (Sri Lanka),2990
Devon Thomas  (West Indies),238
John Thomas  (England),1
Oshane Thomas  (West Indies),0
Ewen Thompson  (New Zealand),0
Greg Thompson  (Ireland),2
Patterson Thompson  (West Indies),2
Stuart Thompson  (Ireland),228
Froggy Thomson  (Australia),0
Jeff Thomson  (Australia),181
Shane Thomson  (New Zealand),964
Graham Thorpe  (England),2380
Sanjayan Thuraisingam  (Canada),45
Thilan Thushara  (Sri Lanka),392
David Tikolo  (Kenya),36
Stephen Tikolo  (Kenya / ACA Africa XI),3428
Hashan Tillakaratne  (Sri Lanka),3789
Donald Tiripano  (Zimbabwe),199
Michael Tissera  (Sri Lanka),78
Fred Titmus  (England),11
Manoj Tiwary  (India),287
Saurabh Tiwary  (India),49
Roger Tolchard  (England),0
Gavin Tonge  (West Indies),10
Peter Toohey  (Australia),105
Reece Topley  (England),7
Athanasios Traicos  (Zimbabwe),88
James Tredwell  (England),163
Christopher Tremain  (Australia),23
Christopher Tremlett  (England),50
Marcus Trescothick  (England),4335
Glenn Trimble  (Australia),4
Jonathan Trott  (England),2819
Rodney Trott  (Bermuda),130
Jamie Troughton  (England),36
Gary Troup  (New Zealand),101
Thandi Tshabalala  (South Africa),2
Lonwabo Tsotsobe  (South Africa),56
Janeiro Tucker  (Bermuda),496
Lorcan Tucker  (Ireland),7
Tamauri Tucker  (Bermuda),0
Carl Tuckett  (West Indies),0
Alex Tudor  (England),9
Daryl Tuffey  (New Zealand),295
Phil Tufnell  (England),15
Alan Turner  (Australia),247
Ashton Turner  (Australia),125
Glenn Turner  (New Zealand),1598
Tushar Imran  (Bangladesh),574
Roger Twose  (New Zealand),2717
Sudeep Tyagi  (India),1
Andrew Tye  (Australia),57
Shaun Udal  (England),35
Isuru Udana  (Sri Lanka),125
Mahela Udawatte  (Sri Lanka),257
Umair Ali  (United Arab Emirates),20
Umar Akmal  (Pakistan),3194
Umar Amin  (Pakistan),271
Umar Gul  (Pakistan),457
Jaydev Unadkat  (India),0
Derek Underwood  (England),53
Kalutarage Upashantha  (Sri Lanka),49
Tony Ura  (Papua New Guinea),523
Usman Ghani  (Afghanistan),411
Usman Limbada  (Canada),189
Usman Mushtaq  (United Arab Emirates),3
Usman Salahuddin  (Pakistan),13
Usman Shinwari  (Pakistan),6
Robin Uthappa  (India),934
Prosper Utseya  (Zimbabwe),1406
Chaminda Vaas  (Sri Lanka / ACC Asian XI),2025
Aldesh Vadher  (Kenya),278
Prashant Vaidya  (India),15
Assad Vala  (Papua New Guinea),383
John Valentine  (Canada),3
Daan van Bunge  (Netherlands),633
Rassie van der Dussen  (South Africa),353
Timm van der Gugten  (Netherlands),4
Albert van der Merwe  (Ireland),15
Roelof van der Merwe  (South Africa),39
Johannes van der Wath  (South Africa),89
Martin van Jaarsveld  (South Africa),124
Vaughn van Jaarsveld  (South Africa),9
Paul van Meekeren  (Netherlands),30
Maurits van Nierop  (Netherlands),35
Klass-Jan van Noortwijk  (Netherlands),322
Robert Van Oosterom  (Netherlands),7
Burton van Rooi  (Namibia),26
Melt van Schoor  (Namibia),58
Lucas van Troost  (Netherlands),284
Rudolph van Vuuren  (Namibia),26
Morne van Wyk  (South Africa),425
Cornelius Van Zyl  (South Africa),3
Robert Vance  (New Zealand),248
Jeffrey Vandersay  (Sri Lanka),71
Michael Vandort  (Sri Lanka),48
Norman Vanua  (Papua New Guinea),178
Hiren Varaiya  (Kenya),254
Jack Vare  (Papua New Guinea),81
John Vaughan  (Canada),30
Justin Vaughan  (New Zealand),162
Michael Vaughan  (England),1982
Michael Veletta  (Australia),484
Dillip Vengsarkar  (India),3508
Srinivas Venkataraghavan  (India),54
Margasaghayam Venkataramana  (India),0
Yalaka Venugopal Rao  (India),218
Mark Vermeulen  (Zimbabwe),868
Sharad Vesawkar  (Nepal),4
Daniel Vettori  (New Zealand / ICC World XI),2253
Murali Vijay  (India),339
Christi Viljoen  (Namibia),17
Dirk Viljoen  (Zimbabwe),512
Vinay Kumar  (India),86
James Vince  (England),225
Lou Vincent  (New Zealand),2413
Gundappa Viswanath  (India),439
Sandanand Viswanath  (India),72
Kithuruwan Vithanage  (Sri Lanka),75
Brian Vitori  (Zimbabwe),86
Graham Vivian  (New Zealand),14
Adam Voges  (Australia),870
Dudley Vonhagt  (Sri Lanka),8
Matthew Wade  (Australia),1777
Ajit Wadekar  (India),73
Kenneth Wadsworth  (New Zealand),258
Wahab Riaz  (Pakistan),589
Wahidul Gani  (Bangladesh),0
Wajahatullah Wasti  (Pakistan),349
Brooke Walker  (New Zealand),47
Matthew Walker  (New Zealand),10
Max Walker  (Australia),79
Craig Wallace  (Scotland),366
Philo Wallace  (West Indies),701
Andrew Waller  (Zimbabwe),818
Malcolm Waller  (Zimbabwe),1259
Kerry Walmsley  (New Zealand),0
Courtney Walsh  (West Indies),321
Hayden Walsh  (United States),27
Doug Walters  (Australia),513
Riaan Walters  (Namibia),0
Chadwick Walton  (West Indies),53
Samuel Walusimbi  (East Africa),38
Waqar Younis  (Pakistan),969
Waqas Barkat  (Hong Kong),102
Waqas Khan  (Hong Kong),67
Iain Wardlaw  (Scotland),21
Bandula Warnapura  (Sri Lanka),180
Malinda Warnapura  (Sri Lanka),35
Khahakachchi Warnaweera  (Sri Lanka),1
Shane Warne  (Australia / ICC World XI),1018
David Warner  (Australia),4343
Washington Sundar  (India),0
Wasim Akram  (Pakistan),3717
Wasim Bari  (Pakistan),221
Wasim Haider  (Pakistan),26
Wasim Raja  (Pakistan),782
Atul Wassan  (India),33
Seren Waters  (Kenya),419
Steven Watkin  (England),4
Michael Watkinson  (England),0
B J Watling  (New Zealand),573
Graeme Watson  (Australia),11
Ryan Watson  (Scotland),956
Shane Watson  (Australia),5757
Willie Watson  (New Zealand),86
Mark Watt  (Scotland),138
Fraser Watts  (Scotland),974
Mark Waugh  (Australia),8500
Steve Waugh  (Australia),7569
Peter Webb  (New Zealand),38
Richard Webb  (New Zealand),6
Ajith Weerakkody  (Sri Lanka),2
Sandun Weerakkody  (Sri Lanka),73
Sajeewa Weerakoon  (Sri Lanka),0
Kaushalya Weeraratne  (Sri Lanka),160
Chanaka Welegedara  (Sri Lanka),4
Dirk Wellham  (Australia),379
Alan Wells  (England),15
Colin Wells  (England),22
Vincent Wells  (England),141
Steven Welsh  (Canada),42
Dominic Wesonga  (Kenya),61
Kepler Wessels  (South Africa / Australia),3367
Regan West  (Ireland),61
Berend Westdijk  (Netherlands),1
Mithra Wettimuny  (Sri Lanka),2
Sidath Wettimuny  (Sri Lanka),786
Sunil Wettimuny  (Sri Lanka),136
Alexander Wharf  (England),19
Karl Whatham  (Canada),18
Davenell Whatmore  (Australia),2
Brad Wheal  (Scotland),16
Ben Wheeler  (New Zealand),58
Roger Whelan  (Ireland),5
John Whitaker  (England),48
Andrew White  (Ireland),776
Craig White  (England),568
Cameron White  (Australia),2072
David White  (New Zealand),37
Michael Whitney  (Australia),40
Andrew Whittall  (Zimbabwe),168
Guy Whittall  (Zimbabwe),2705
Stuart Whittingham  (Scotland),6
Hemantha Wickramaratne  (Sri Lanka),4
Pramodya Wickremasinghe  (Sri Lanka),344
Gamini Wickremasinghe  (Sri Lanka),2
Julien Wiener  (Australia),140
David Wiese  (South Africa),102
Kapila Wijegunawardene  (Sri Lanka),20
Roger Wijesuriya  (Sri Lanka),18
David Willey  (England),279
Peter Willey  (England),538
Brad Williams  (Australia),27
Craig Williams  (Namibia),8
David Williams  (West Indies),147
Henry Williams  (South Africa),8
Kesrick Williams  (West Indies),19
Laurie Williams  (West Indies),124
Stuart Williams  (West Indies),1586
Sean Williams  (Zimbabwe),3546
Greig Williamson  (Scotland),11
Kane Williamson  (New Zealand),5554
Bob Willis  (England),83
Charl Willoughby  (South Africa),0
Gary Wilson  (Ireland),2072
Jeffrey Wilson  (New Zealand),103
Paul Wilson  (Australia),4
Paul Wiseman  (New Zealand),45
Craig Wishart  (Zimbabwe),1719
Warren Wisneski  (New Zealand),10
Chris Woakes  (England),1052
Barry Wood  (England),314
Graeme Wood  (Australia),2219
Mark Wood  (England),45
Ashley Woodcock  (Australia),53
Luke Woodcock  (New Zealand),14
Roger Woolley  (Australia),31
Robert Woolmer  (England),21
George Worker  (New Zealand),272
Daniel Worrall  (Australia),6
Craig Wright  (Scotland),240
John Wright  (New Zealand),3891
Kevin Wright  (Australia),29
Luke Wright  (England),707
Mandy Yachad  (South Africa),31
Jayant Yadav  (India),1
Jai Yadav  (India),81
Nandlal Yadav  (India),1
Umesh Yadav  (India),79
Vijay Yadav  (India),118
Graham Yallop  (Australia),823
Yamin Ahmadzai  (Afghanistan),3
Bruce Yardley  (Australia),58
Michael Yardy  (England),326
Yashpal Sharma  (India),883
Yasir Arafat  (Pakistan),74
Yasir Hameed  (Pakistan),2028
Yasir Shah  (Pakistan),127
Yograj Singh  (India),1
Tinu Yohannan  (India),7
Bryan Young  (New Zealand),1668
Bradley Young  (Australia),31
Craig Young  (Ireland),20
Younis Ahmed  (Pakistan),84
Younis Khan  (Pakistan),7249
Yunus Badat  (East Africa),1
Yuvraj Singh  (India / ACC Asian XI),8701
Zafar Gohar  (Pakistan),15
Zafar Iqbal  (Pakistan),48
Zaheer Abbas  (Pakistan),2572
Zaheer Maqsood  (United Arab Emirates),13
Zahid Ahmed  (Pakistan),3
Zahid Fazal  (Pakistan),348
Zahid Hussain  (Canada),9
Zahid Razzak  (Bangladesh),14
Zahid Shah  (United Arab Emirates),11
Zahir Khan  (Afghanistan),0
Zahoor Elahi  (Pakistan),297
Zahoor Khan  (United Arab Emirates),48
Zain Abbas  (Hong Kong),26
Zakir Hasan  (Bangladesh),0
Zakir Hossain  (Bangladesh),0
Zakir Khan  (Pakistan),27
Zakiullah Zaki  (Afghanistan),3
Zameer Zahir  (Canada),3
Adam Zampa  (Australia),99
Zeeshan Maqsood  (Oman),12
Zeeshan Siddiqi  (Canada),50
Andris Zesers  (Australia),10
Cephas Zhuwawo  (Zimbabwe),154
Ziaur Rahman  (Bangladesh),124
Timothy Zoehrer  (Australia),130
Monde Zondeki  (South Africa / ACA Africa XI),4
Khayelihle Zondo  (South Africa),142
Nuwan Zoysa  (Sri Lanka),343
Bas Zuiderent  (Netherlands),1098
Zulfiqar Ali  (East Africa),39
Zulfiqar Babar  (Pakistan),35
Zulqarnain Haider  (Pakistan),48
Zulquarnain  (Pakistan),18
